-- phpMyAdmin SQL Dump
-- version 5.1.0
-- https://www.phpmyadmin.net/
--
-- Servidor: localhost:3306
-- Tiempo de generación: 26-01-2023 a las 19:48:42
-- Versión del servidor: 8.0.23
-- Versión de PHP: 8.0.3

SET SQL_MODE = "NO_AUTO_VALUE_ON_ZERO";
START TRANSACTION;
SET time_zone = "+00:00";


/*!40101 SET @OLD_CHARACTER_SET_CLIENT=@@CHARACTER_SET_CLIENT */;
/*!40101 SET @OLD_CHARACTER_SET_RESULTS=@@CHARACTER_SET_RESULTS */;
/*!40101 SET @OLD_COLLATION_CONNECTION=@@COLLATION_CONNECTION */;
/*!40101 SET NAMES utf8mb4 */;

--
-- Base de datos: `rollinter`
--

-- --------------------------------------------------------

--
-- Estructura de tabla para la tabla `coordinates`
--

CREATE TABLE `coordinates` (
  `id` bigint NOT NULL,
  `x` varchar(255) CHARACTER SET utf8 COLLATE utf8_unicode_ci NOT NULL,
  `y` varchar(255) CHARACTER SET utf8 COLLATE utf8_unicode_ci NOT NULL,
  `id_route` bigint NOT NULL
) ENGINE=InnoDB DEFAULT CHARSET=utf8 COLLATE=utf8_unicode_ci;

--
-- Volcado de datos para la tabla `coordinates`
--

INSERT INTO `coordinates` (`id`, `x`, `y`, `id_route`) VALUES
(1, '127.74368484541674', '97.41355666030438', 3),
(2, '127.74582107588549', '97.41450270522625', 3),
(3, '127.7469858292157', '97.41575392592938', 3),
(4, '127.74829808507508', '97.4162727247575', 3),
(5, '127.75159398351258', '97.41880568374188', 3),
(6, '127.74997655187195', '97.42072829116375', 3);

-- --------------------------------------------------------

--
-- Estructura de tabla para la tabla `route`
--

CREATE TABLE `route` (
  `id` bigint NOT NULL,
  `name` varchar(255) CHARACTER SET utf8 COLLATE utf8_unicode_ci NOT NULL,
  `dificulty` varchar(255) CHARACTER SET utf8 COLLATE utf8_unicode_ci NOT NULL,
  `time` time NOT NULL,
  `id_user` bigint DEFAULT NULL
) ENGINE=InnoDB DEFAULT CHARSET=utf8 COLLATE=utf8_unicode_ci;

--
-- Volcado de datos para la tabla `route`
--

INSERT INTO `route` (`id`, `name`, `dificulty`, `time`, `id_user`) VALUES
(3, 'cityofart', 'medium', '00:50:00', 1);

-- --------------------------------------------------------

--
-- Estructura de tabla para la tabla `team`
--

CREATE TABLE `team` (
  `id` bigint NOT NULL,
  `name` varchar(255) CHARACTER SET utf8 COLLATE utf8_unicode_ci NOT NULL,
  `creationdate` datetime NOT NULL,
  `id_user` int NOT NULL
) ENGINE=InnoDB DEFAULT CHARSET=utf8 COLLATE=utf8_unicode_ci;

--
-- Volcado de datos para la tabla `team`
--

INSERT INTO `team` (`id`, `name`, `creationdate`, `id_user`) VALUES
(1, 'Not Team Yet', '2023-01-10 20:01:48', 1),
(115, 'Rollpleyers125553', '2023-01-24 18:29:40', 2818),
(116, 'Rollpleyers228669', '2023-01-24 18:29:40', 3065),
(117, 'Rolltrios147564', '2023-01-24 18:29:40', 3130),
(118, 'Rolltrios104393', '2023-01-24 18:29:41', 2814),
(119, 'Rolleros137820', '2023-01-24 18:29:41', 3395),
(120, 'Rolleros141491', '2023-01-24 18:29:41', 3141),
(121, 'Rollazos45938', '2023-01-24 18:29:41', 2732),
(122, 'Rolleros180480', '2023-01-24 18:29:41', 3569),
(123, 'Rollsimple6281', '2023-01-24 18:29:41', 2962),
(124, 'Rollpleyers184240', '2023-01-24 18:29:41', 3408),
(125, 'Rollpleyers256541', '2023-01-24 18:29:41', 3286),
(126, 'Rollazos178892', '2023-01-24 18:29:41', 2884),
(127, 'Rollmetal155389', '2023-01-24 18:29:41', 3333),
(128, 'Rolldanger224943', '2023-01-24 18:29:41', 2753),
(129, 'Rollmetal235704', '2023-01-24 18:29:41', 2771),
(130, 'Rollphisical183605', '2023-01-24 18:29:41', 3014),
(131, 'Rollmetal4924', '2023-01-24 18:29:41', 2804),
(132, 'Rolleros263903', '2023-01-24 18:29:41', 3605),
(133, 'Rolldanger247679', '2023-01-24 18:29:41', 3324),
(134, 'Rollpleyers214140', '2023-01-24 18:29:41', 3091),
(135, 'Rollmetal90414', '2023-01-24 18:29:41', 3397),
(136, 'Rollsimple115712', '2023-01-24 18:29:41', 2899),
(137, 'Rollazos94375', '2023-01-24 18:29:41', 2736),
(138, 'Rolleros155050', '2023-01-24 18:29:41', 3492),
(139, 'Rollmetal278844', '2023-01-24 18:29:41', 2989),
(140, 'Rolldanger220301', '2023-01-24 18:29:41', 2828),
(141, 'Rollpleyers61500', '2023-01-24 18:29:41', 2636),
(142, 'Rollpleyers279247', '2023-01-24 18:29:42', 2766),
(143, 'Rollteam279839', '2023-01-24 18:29:42', 2988),
(144, 'Rolleros166210', '2023-01-24 18:29:42', 3443),
(145, 'Rolldanger271662', '2023-01-24 18:29:42', 3531),
(146, 'Rollroll203', '2023-01-24 18:29:42', 2701),
(147, 'Rolltrios242905', '2023-01-24 18:29:42', 3233),
(148, 'Rollroll173387', '2023-01-24 18:29:42', 3202),
(149, 'Rollphisical17611', '2023-01-24 18:29:42', 2946),
(150, 'Rollmetal146995', '2023-01-24 18:29:42', 3150),
(151, 'Rolleros199384', '2023-01-24 18:29:42', 3436),
(152, 'Rolldanger140819', '2023-01-24 18:29:42', 3148),
(153, 'Rollroll46652', '2023-01-24 18:29:42', 3208),
(154, 'Rollroll297843', '2023-01-24 18:29:42', 2811),
(155, 'Rollphisical289001', '2023-01-24 18:29:42', 2863),
(156, 'Rolleros219520', '2023-01-24 18:29:42', 3163),
(157, 'Rollpleyers282097', '2023-01-24 18:29:42', 3230),
(158, 'Rollroll75934', '2023-01-24 18:29:42', 2876),
(159, 'Rolleros68985', '2023-01-24 18:29:42', 2744),
(160, 'Rollstar284521', '2023-01-24 18:29:42', 3559),
(161, 'Rollazos176411', '2023-01-24 18:29:42', 3601),
(162, 'Rolltrios67124', '2023-01-24 18:29:42', 3289),
(163, 'Rolltrios49920', '2023-01-24 18:29:42', 3262),
(164, 'Rollpleyers283942', '2023-01-24 18:29:42', 2980),
(165, 'Rollsimple148289', '2023-01-24 18:29:42', 3323),
(166, 'Rollstar223042', '2023-01-24 18:29:42', 3339),
(167, 'Rollphisical230870', '2023-01-24 18:29:42', 3343),
(168, 'Rolleros35380', '2023-01-24 18:29:42', 2645),
(169, 'Rollpleyers10609', '2023-01-24 18:29:42', 3519),
(170, 'Rollazos217662', '2023-01-24 18:29:42', 3541),
(171, 'Rollpleyers259109', '2023-01-24 18:29:42', 2697),
(172, 'Rollstar250943', '2023-01-24 18:29:42', 3003),
(173, 'Rollroll276086', '2023-01-24 18:29:42', 2642),
(174, 'Rollroll226413', '2023-01-24 18:29:42', 2611),
(175, 'Rolltrios287699', '2023-01-24 18:29:42', 2827),
(176, 'Rollazos216312', '2023-01-24 18:29:43', 3529),
(177, 'Rollpleyers31550', '2023-01-24 18:29:43', 3551),
(178, 'Rollteam286533', '2023-01-24 18:29:43', 2691),
(179, 'Rollstar31577', '2023-01-24 18:29:43', 3049),
(180, 'Rollphisical64893', '2023-01-24 18:29:43', 3427),
(181, 'Rolldanger168901', '2023-01-24 18:29:43', 3219),
(182, 'Rolleros52442', '2023-01-24 18:29:43', 3158),
(183, 'Rollazos165202', '2023-01-24 18:29:43', 2763),
(184, 'Rolldanger31586', '2023-01-24 18:29:43', 3222),
(185, 'Rollmetal257214', '2023-01-24 18:29:43', 3031),
(186, 'Rollroll59609', '2023-01-24 18:29:43', 2892),
(187, 'Rollsimple165595', '2023-01-24 18:29:43', 2683),
(188, 'Rollteam231909', '2023-01-24 18:29:43', 3550),
(189, 'Rollphisical170460', '2023-01-24 18:29:43', 3080),
(190, 'Rollstar219175', '2023-01-24 18:29:43', 2775),
(191, 'Rolltrios255454', '2023-01-24 18:29:43', 2956),
(192, 'Rollmetal110490', '2023-01-24 18:29:43', 2731),
(193, 'Rollmetal57630', '2023-01-24 18:29:43', 2807),
(194, 'Rollazos170403', '2023-01-24 18:29:43', 3052),
(195, 'Rolleros87677', '2023-01-24 18:29:43', 2764),
(196, 'Rolldanger228635', '2023-01-24 18:29:43', 3448),
(197, 'Rolldanger207634', '2023-01-24 18:29:43', 3495),
(198, 'Rolleros229831', '2023-01-24 18:29:43', 3533),
(199, 'Rolleros24134', '2023-01-24 18:29:43', 2752),
(200, 'Rollmetal108038', '2023-01-24 18:29:43', 2838),
(201, 'Rollazos273703', '2023-01-24 18:29:43', 3534),
(202, 'Rolltrios187978', '2023-01-24 18:29:43', 3321),
(203, 'Rolltrios211794', '2023-01-24 18:29:44', 3071),
(204, 'Rollpleyers177972', '2023-01-24 18:29:44', 3565),
(205, 'Rollteam5394', '2023-01-24 18:29:44', 2635),
(206, 'Rolltrios95443', '2023-01-24 18:29:44', 3164),
(207, 'Rollroll70120', '2023-01-24 18:29:44', 3139),
(208, 'Rolltrios253144', '2023-01-24 18:29:44', 3461),
(209, 'Rolleros135872', '2023-01-24 18:29:44', 3404),
(210, 'Rolltrios67547', '2023-01-24 18:29:44', 2938),
(211, 'Rollazos264159', '2023-01-24 18:29:44', 3405),
(212, 'Rollteam82470', '2023-01-24 18:29:44', 2850),
(213, 'Rolldanger273776', '2023-01-24 18:29:44', 3327),
(214, 'Rollsimple148418', '2023-01-24 18:29:44', 2768);

-- --------------------------------------------------------

--
-- Estructura de tabla para la tabla `user`
--

CREATE TABLE `user` (
  `id` bigint NOT NULL,
  `name` varchar(255) CHARACTER SET utf8 COLLATE utf8_unicode_ci NOT NULL,
  `surname1` varchar(255) CHARACTER SET utf8 COLLATE utf8_unicode_ci NOT NULL,
  `surname2` varchar(255) CHARACTER SET utf8 COLLATE utf8_unicode_ci NOT NULL,
  `datebirth` date NOT NULL,
  `gender` char(1) CHARACTER SET utf8 COLLATE utf8_unicode_ci NOT NULL,
  `username` varchar(255) CHARACTER SET utf8 COLLATE utf8_unicode_ci NOT NULL,
  `password` varchar(512) CHARACTER SET utf8 COLLATE utf8_unicode_ci NOT NULL DEFAULT 'rollinter2022',
  `email` varchar(255) CHARACTER SET utf8 COLLATE utf8_unicode_ci NOT NULL,
  `id_usertype` bigint NOT NULL DEFAULT '2',
  `id_team` bigint NOT NULL DEFAULT '1'
) ENGINE=InnoDB DEFAULT CHARSET=utf8 COLLATE=utf8_unicode_ci;

--
-- Volcado de datos para la tabla `user`
--

INSERT INTO `user` (`id`, `name`, `surname1`, `surname2`, `datebirth`, `gender`, `username`, `password`, `email`, `id_usertype`, `id_team`) VALUES
(1, 'estefania', 'boriko', 'laenos', '1999-01-16', 'F', 'esborlan', 'rollinter2022', 'esborlan@rollinter.com', 1, 1),
(2610, 'Ruben', 'Rodríguez', 'Fernández', '1982-05-18', 'M', 'rubenrodríguez', 'Rollinter2022', 'rubenrodríguez@rollinter.net', 2, 1),
(2611, 'Estefania', 'Benito', 'Benavent', '1940-05-01', 'M', 'estefaniabenito', 'Rollinter2022', 'estefaniabenito@rollinter.net', 2, 174),
(2612, 'Raimon', 'Soler', 'Laenos', '1939-05-24', 'F', 'raimonsoler', 'Rollinter2022', 'raimonsoler@rollinter.net', 2, 1),
(2613, 'Luis Fernando', 'Blanco', 'Mourad', '1949-05-14', 'M', 'luisfernandoblanco', 'Rollinter2022', 'luisfernandoblanco@rollinter.net', 2, 1),
(2614, 'Nerea', 'Boriko', 'Blayimir', '1991-04-15', 'F', 'nereaboriko', 'Rollinter2022', 'nereaboriko@rollinter.net', 2, 1),
(2615, 'Karim', 'Perez', 'Torres', '1997-10-02', 'F', 'karimperez', 'Rollinter2022', 'karimperez@rollinter.net', 2, 1),
(2616, 'Estefania', 'Benito', 'Castello', '1931-08-19', 'F', 'estefaniabenito', 'Rollinter2022', 'estefaniabenito@rollinter.net', 2, 1),
(2617, 'Luis Fernando', 'Perez', 'Gyori', '1932-09-24', 'F', 'luisfernandoperez', 'Rollinter2022', 'luisfernandoperez@rollinter.net', 2, 1),
(2618, 'Alexis', 'Vilar', 'Gyori', '1950-05-22', 'F', 'alexisvilar', 'Rollinter2022', 'alexisvilar@rollinter.net', 2, 1),
(2619, 'Luis', 'Lazaro', 'Luz', '1966-02-22', 'F', 'luislazaro', 'Rollinter2022', 'luislazaro@rollinter.net', 2, 1),
(2620, 'Karim', 'Guerrero', 'Fernández', '1992-04-08', 'F', 'karimguerrero', 'Rollinter2022', 'karimguerrero@rollinter.net', 2, 1),
(2621, 'Lucas Ezequiel', 'Rodríguez', 'Laenos', '1989-10-29', 'M', 'lucasezequielrodríguez', 'Rollinter2022', 'lucasezequielrodríguez@rollinter.net', 2, 1),
(2622, 'Ainhoa', 'Vilar', 'Bañuls', '1956-10-05', 'M', 'ainhoavilar', 'Rollinter2022', 'ainhoavilar@rollinter.net', 2, 1),
(2623, 'Ainhoa', 'Luque', 'Castello', '1936-06-17', 'F', 'ainhoaluque', 'Rollinter2022', 'ainhoaluque@rollinter.net', 2, 1),
(2624, 'Alexis', 'Perez', 'Sanchis', '1967-05-12', 'F', 'alexisperez', 'Rollinter2022', 'alexisperez@rollinter.net', 2, 1),
(2625, 'Ainhoa', 'Gyori', 'Bañuls', '1972-10-30', 'M', 'ainhoagyori', 'Rollinter2022', 'ainhoagyori@rollinter.net', 2, 1),
(2626, 'Estefania', 'Perez', 'Fernández', '1937-10-10', 'F', 'estefaniaperez', 'Rollinter2022', 'estefaniaperez@rollinter.net', 2, 1),
(2627, 'Karim', 'Rosales', 'Morera', '1979-10-05', 'F', 'karimrosales', 'Rollinter2022', 'karimrosales@rollinter.net', 2, 1),
(2628, 'Estefania', 'Talaya', 'Sanchez', '1986-08-23', 'M', 'estefaniatalaya', 'Rollinter2022', 'estefaniatalaya@rollinter.net', 2, 1),
(2629, 'Raimon', 'Vilar', 'Morera', '2007-08-03', 'M', 'raimonvilar', 'Rollinter2022', 'raimonvilar@rollinter.net', 2, 1),
(2630, 'Alvaro', 'Blanco', 'Castello', '1979-03-04', 'M', 'alvaroblanco', 'Rollinter2022', 'alvaroblanco@rollinter.net', 2, 1),
(2631, 'Kevin', 'Benito', 'Sanchez', '1924-09-26', 'M', 'kevinbenito', 'Rollinter2022', 'kevinbenito@rollinter.net', 2, 1),
(2632, 'Carlos', 'Perez', 'Pascual', '1984-07-05', 'F', 'carlosperez', 'Rollinter2022', 'carlosperez@rollinter.net', 2, 1),
(2633, 'Kevin', 'Soler', 'Blayimir', '1960-05-29', 'M', 'kevinsoler', 'Rollinter2022', 'kevinsoler@rollinter.net', 2, 1),
(2634, 'Alexis', 'Talaya', 'Morera', '1952-09-12', 'M', 'alexistalaya', 'Rollinter2022', 'alexistalaya@rollinter.net', 2, 1),
(2635, 'Elliot', 'Rodríguez', 'Castello', '1968-08-02', 'F', 'elliotrodríguez', 'Rollinter2022', 'elliotrodríguez@rollinter.net', 2, 205),
(2636, 'Luis Fernando', 'Rezgaoui', 'Gyori', '1938-11-22', 'M', 'luisfernandorezgaoui', 'Rollinter2022', 'luisfernandorezgaoui@rollinter.net', 2, 141),
(2637, 'Raimon', 'Luque', 'Benavent', '1950-12-13', 'F', 'raimonluque', 'Rollinter2022', 'raimonluque@rollinter.net', 2, 1),
(2638, 'Kevin', 'Rosales', 'Pascual', '1997-03-25', 'M', 'kevinrosales', 'Rollinter2022', 'kevinrosales@rollinter.net', 2, 1),
(2639, 'Elliot', 'Gyori', 'Romance', '2005-10-07', 'F', 'elliotgyori', 'Rollinter2022', 'elliotgyori@rollinter.net', 2, 1),
(2640, 'Alexis', 'Vilar', 'Romance', '1991-07-15', 'M', 'alexisvilar', 'Rollinter2022', 'alexisvilar@rollinter.net', 2, 1),
(2641, 'Cristina', 'Tomas', 'Morera', '1933-10-31', 'F', 'cristinatomas', 'Rollinter2022', 'cristinatomas@rollinter.net', 2, 1),
(2642, 'Luis Fernando', 'Soler', 'Benavent', '1960-09-08', 'M', 'luisfernandosoler', 'Rollinter2022', 'luisfernandosoler@rollinter.net', 2, 173),
(2643, 'Carlos', 'Perez', 'Mourad', '1988-08-04', 'F', 'carlosperez', 'Rollinter2022', 'carlosperez@rollinter.net', 2, 1),
(2644, 'Jose David', 'Rodríguez', 'Blayimir', '2007-09-01', 'M', 'josedavidrodríguez', 'Rollinter2022', 'josedavidrodríguez@rollinter.net', 2, 1),
(2645, 'Alvaro', 'Carrascosa', 'Laenos', '2004-07-13', 'M', 'alvarocarrascosa', 'Rollinter2022', 'alvarocarrascosa@rollinter.net', 2, 168),
(2646, 'Luis', 'Rezgaoui', 'Gyori', '1970-08-29', 'F', 'luisrezgaoui', 'Rollinter2022', 'luisrezgaoui@rollinter.net', 2, 1),
(2647, 'Lucas Ezequiel', 'Soler', 'Pascual', '1961-10-14', 'M', 'lucasezequielsoler', 'Rollinter2022', 'lucasezequielsoler@rollinter.net', 2, 1),
(2648, 'Mario', 'Tomas', 'Pascual', '1976-12-29', 'F', 'mariotomas', 'Rollinter2022', 'mariotomas@rollinter.net', 2, 1),
(2649, 'Karim', 'Rezgaoui', 'Ríos', '1985-08-12', 'M', 'karimrezgaoui', 'Rollinter2022', 'karimrezgaoui@rollinter.net', 2, 1),
(2650, 'Luis Fernando', 'Vilar', 'Benavent', '1925-08-30', 'M', 'luisfernandovilar', 'Rollinter2022', 'luisfernandovilar@rollinter.net', 2, 1),
(2651, 'Luis Fernando', 'Rezgaoui', 'Bañuls', '1990-03-03', 'M', 'luisfernandorezgaoui', 'Rollinter2022', 'luisfernandorezgaoui@rollinter.net', 2, 1),
(2652, 'Mario', 'Talaya', 'Ríos', '1981-05-30', 'M', 'mariotalaya', 'Rollinter2022', 'mariotalaya@rollinter.net', 2, 1),
(2653, 'Ximo', 'Perez', 'Hurtado', '1926-06-23', 'M', 'ximoperez', 'Rollinter2022', 'ximoperez@rollinter.net', 2, 1),
(2654, 'Lucas Ezequiel', 'Vilar', 'Blayimir', '1952-10-22', 'F', 'lucasezequielvilar', 'Rollinter2022', 'lucasezequielvilar@rollinter.net', 2, 1),
(2655, 'Lucas Ezequiel', 'Rezgaoui', 'Fernández', '1998-07-09', 'M', 'lucasezequielrezgaoui', 'Rollinter2022', 'lucasezequielrezgaoui@rollinter.net', 2, 1),
(2656, 'Jose David', 'Perez', 'Torres', '1962-05-15', 'F', 'josedavidperez', 'Rollinter2022', 'josedavidperez@rollinter.net', 2, 1),
(2657, 'Carlos', 'Rosales', 'Zanon', '1956-05-17', 'M', 'carlosrosales', 'Rollinter2022', 'carlosrosales@rollinter.net', 2, 1),
(2658, 'Luis Fernando', 'Perez', 'Blayimir', '1968-02-07', 'M', 'luisfernandoperez', 'Rollinter2022', 'luisfernandoperez@rollinter.net', 2, 1),
(2659, 'Carlos', 'Suay', 'Morera', '1954-11-03', 'M', 'carlossuay', 'Rollinter2022', 'carlossuay@rollinter.net', 2, 1),
(2660, 'Kevin', 'Perez', 'Romance', '2007-01-29', 'F', 'kevinperez', 'Rollinter2022', 'kevinperez@rollinter.net', 2, 1),
(2661, 'Nerea', 'Rodríguez', 'Laenos', '1927-11-19', 'F', 'nerearodríguez', 'Rollinter2022', 'nerearodríguez@rollinter.net', 2, 1),
(2662, 'Karim', 'Blanco', 'Zanon', '1974-08-09', 'F', 'karimblanco', 'Rollinter2022', 'karimblanco@rollinter.net', 2, 1),
(2663, 'Alexis', 'Vilar', 'Fernández', '1996-01-14', 'F', 'alexisvilar', 'Rollinter2022', 'alexisvilar@rollinter.net', 2, 1),
(2664, 'Raimon', 'Talaya', 'Fernández', '1984-06-21', 'M', 'raimontalaya', 'Rollinter2022', 'raimontalaya@rollinter.net', 2, 1),
(2665, 'Ximo', 'Perez', 'Mourad', '1987-07-24', 'F', 'ximoperez', 'Rollinter2022', 'ximoperez@rollinter.net', 2, 1),
(2666, 'Luis Fernando', 'Perez', 'Pascual', '1978-02-27', 'M', 'luisfernandoperez', 'Rollinter2022', 'luisfernandoperez@rollinter.net', 2, 1),
(2667, 'Luis Fernando', 'Soler', 'Romance', '1940-07-24', 'M', 'luisfernandosoler', 'Rollinter2022', 'luisfernandosoler@rollinter.net', 2, 1),
(2668, 'Alexis', 'Perez', 'Blayimir', '1983-12-01', 'F', 'alexisperez', 'Rollinter2022', 'alexisperez@rollinter.net', 2, 1),
(2669, 'Luis', 'Perez', 'Patricio', '1931-11-08', 'M', 'luisperez', 'Rollinter2022', 'luisperez@rollinter.net', 2, 1),
(2670, 'Ximo', 'Lazaro', 'Bañuls', '1941-05-23', 'F', 'ximolazaro', 'Rollinter2022', 'ximolazaro@rollinter.net', 2, 1),
(2671, 'Raimon', 'Vilar', 'Fernández', '1940-12-18', 'F', 'raimonvilar', 'Rollinter2022', 'raimonvilar@rollinter.net', 2, 1),
(2672, 'Luis Fernando', 'Talaya', 'Ríos', '1993-03-17', 'M', 'luisfernandotalaya', 'Rollinter2022', 'luisfernandotalaya@rollinter.net', 2, 1),
(2673, 'Alvaro', 'Soler', 'Romance', '1973-12-26', 'F', 'alvarosoler', 'Rollinter2022', 'alvarosoler@rollinter.net', 2, 1),
(2674, 'Luis Fernando', 'Boriko', 'Pascual', '1967-10-02', 'M', 'luisfernandoboriko', 'Rollinter2022', 'luisfernandoboriko@rollinter.net', 2, 1),
(2675, 'Estefania', 'Luque', 'Morera', '1947-07-07', 'F', 'estefanialuque', 'Rollinter2022', 'estefanialuque@rollinter.net', 2, 1),
(2676, 'Mario', 'Suay', 'Laenos', '1981-07-28', 'M', 'mariosuay', 'Rollinter2022', 'mariosuay@rollinter.net', 2, 1),
(2677, 'Luis', 'Soler', 'Castello', '1964-05-10', 'M', 'luissoler', 'Rollinter2022', 'luissoler@rollinter.net', 2, 1),
(2678, 'Mario', 'Rodríguez', 'Patricio', '1953-09-23', 'F', 'mariorodríguez', 'Rollinter2022', 'mariorodríguez@rollinter.net', 2, 1),
(2679, 'Mario', 'Lazaro', 'Patricio', '2006-01-22', 'M', 'mariolazaro', 'Rollinter2022', 'mariolazaro@rollinter.net', 2, 1),
(2680, 'Jose Maria', 'Gyori', 'Ríos', '1955-10-10', 'F', 'josemariagyori', 'Rollinter2022', 'josemariagyori@rollinter.net', 2, 1),
(2681, 'Luis Fernando', 'Carrascosa', 'Romance', '1932-03-29', 'M', 'luisfernandocarrascosa', 'Rollinter2022', 'luisfernandocarrascosa@rollinter.net', 2, 1),
(2682, 'Elliot', 'Rosales', 'Pascual', '1998-01-05', 'M', 'elliotrosales', 'Rollinter2022', 'elliotrosales@rollinter.net', 2, 1),
(2683, 'Mario', 'Gyori', 'Pascual', '1974-10-18', 'M', 'mariogyori', 'Rollinter2022', 'mariogyori@rollinter.net', 2, 187),
(2684, 'Karim', 'Carrascosa', 'Romance', '1952-09-13', 'M', 'karimcarrascosa', 'Rollinter2022', 'karimcarrascosa@rollinter.net', 2, 1),
(2685, 'Karim', 'Carrascosa', 'Ríos', '1923-02-03', 'F', 'karimcarrascosa', 'Rollinter2022', 'karimcarrascosa@rollinter.net', 2, 1),
(2686, 'Carlos', 'Tomas', 'Gyori', '1968-07-22', 'F', 'carlostomas', 'Rollinter2022', 'carlostomas@rollinter.net', 2, 1),
(2687, 'Iris', 'Vilar', 'Patricio', '1931-02-15', 'M', 'irisvilar', 'Rollinter2022', 'irisvilar@rollinter.net', 2, 1),
(2688, 'Estefania', 'Luque', 'Sanchez', '1964-02-21', 'F', 'estefanialuque', 'Rollinter2022', 'estefanialuque@rollinter.net', 2, 1),
(2689, 'Alvaro', 'Tomas', 'Zanon', '1993-03-14', 'F', 'alvarotomas', 'Rollinter2022', 'alvarotomas@rollinter.net', 2, 1),
(2690, 'Carlos', 'Perez', 'Benavent', '1990-01-14', 'F', 'carlosperez', 'Rollinter2022', 'carlosperez@rollinter.net', 2, 1),
(2691, 'Iris', 'Lazaro', 'Sanchis', '1997-11-25', 'M', 'irislazaro', 'Rollinter2022', 'irislazaro@rollinter.net', 2, 178),
(2692, 'Elliot', 'Perez', 'Fernández', '1993-04-28', 'M', 'elliotperez', 'Rollinter2022', 'elliotperez@rollinter.net', 2, 1),
(2693, 'Alvaro', 'Perez', 'Romance', '1964-01-06', 'F', 'alvaroperez', 'Rollinter2022', 'alvaroperez@rollinter.net', 2, 1),
(2694, 'Elliot', 'Rezgaoui', 'Blayimir', '1984-04-11', 'M', 'elliotrezgaoui', 'Rollinter2022', 'elliotrezgaoui@rollinter.net', 2, 1),
(2695, 'Kevin', 'Perez', 'Torres', '1946-06-07', 'M', 'kevinperez', 'Rollinter2022', 'kevinperez@rollinter.net', 2, 1),
(2696, 'Karim', 'Lazaro', 'Laenos', '1939-05-25', 'F', 'karimlazaro', 'Rollinter2022', 'karimlazaro@rollinter.net', 2, 1),
(2697, 'Nerea', 'Gyori', 'Castello', '1970-07-28', 'M', 'nereagyori', 'Rollinter2022', 'nereagyori@rollinter.net', 2, 171),
(2698, 'Ximo', 'Perez', 'Pascual', '1972-09-19', 'F', 'ximoperez', 'Rollinter2022', 'ximoperez@rollinter.net', 2, 1),
(2699, 'Mario', 'Talaya', 'Torres', '1945-09-26', 'F', 'mariotalaya', 'Rollinter2022', 'mariotalaya@rollinter.net', 2, 1),
(2700, 'Elliot', 'Luque', 'Mourad', '1980-08-02', 'M', 'elliotluque', 'Rollinter2022', 'elliotluque@rollinter.net', 2, 1),
(2701, 'Kevin', 'Vilar', 'Blayimir', '2004-06-22', 'F', 'kevinvilar', 'Rollinter2022', 'kevinvilar@rollinter.net', 2, 146),
(2702, 'Nerea', 'Luque', 'Torres', '2003-08-04', 'M', 'nerealuque', 'Rollinter2022', 'nerealuque@rollinter.net', 2, 1),
(2703, 'Luis', 'Luque', 'Fernández', '1982-08-15', 'F', 'luisluque', 'Rollinter2022', 'luisluque@rollinter.net', 2, 1),
(2704, 'Alvaro', 'Talaya', 'Pascual', '1970-04-13', 'F', 'alvarotalaya', 'Rollinter2022', 'alvarotalaya@rollinter.net', 2, 1),
(2705, 'Ximo', 'Benito', 'Castello', '1935-02-27', 'F', 'ximobenito', 'Rollinter2022', 'ximobenito@rollinter.net', 2, 1),
(2706, 'Iris', 'Luque', 'Benavent', '1957-04-11', 'F', 'irisluque', 'Rollinter2022', 'irisluque@rollinter.net', 2, 1),
(2707, 'Lucas Ezequiel', 'Lazaro', 'Torres', '1957-07-10', 'M', 'lucasezequiellazaro', 'Rollinter2022', 'lucasezequiellazaro@rollinter.net', 2, 1),
(2708, 'Mario', 'Benito', 'Torres', '1947-12-18', 'F', 'mariobenito', 'Rollinter2022', 'mariobenito@rollinter.net', 2, 1),
(2709, 'Mario', 'Luque', 'Ríos', '1944-03-07', 'F', 'marioluque', 'Rollinter2022', 'marioluque@rollinter.net', 2, 1),
(2710, 'Iris', 'Blanco', 'Torres', '1956-08-09', 'F', 'irisblanco', 'Rollinter2022', 'irisblanco@rollinter.net', 2, 1),
(2711, 'Elliot', 'Rosales', 'Fernández', '1996-02-17', 'M', 'elliotrosales', 'Rollinter2022', 'elliotrosales@rollinter.net', 2, 1),
(2712, 'Cristina', 'Benito', 'Ríos', '1925-03-04', 'F', 'cristinabenito', 'Rollinter2022', 'cristinabenito@rollinter.net', 2, 1),
(2713, 'Jose David', 'Vilar', 'Morera', '1982-10-17', 'F', 'josedavidvilar', 'Rollinter2022', 'josedavidvilar@rollinter.net', 2, 1),
(2714, 'Elliot', 'Lazaro', 'Pascual', '1949-06-29', 'F', 'elliotlazaro', 'Rollinter2022', 'elliotlazaro@rollinter.net', 2, 1),
(2715, 'Carlos', 'Guerrero', 'Torres', '1967-08-01', 'M', 'carlosguerrero', 'Rollinter2022', 'carlosguerrero@rollinter.net', 2, 1),
(2716, 'Cristina', 'Rosales', 'Sanchis', '1995-01-16', 'M', 'cristinarosales', 'Rollinter2022', 'cristinarosales@rollinter.net', 2, 1),
(2717, 'Elliot', 'Boriko', 'Castello', '1965-11-23', 'F', 'elliotboriko', 'Rollinter2022', 'elliotboriko@rollinter.net', 2, 1),
(2718, 'Ximo', 'Suay', 'Bañuls', '1988-03-05', 'F', 'ximosuay', 'Rollinter2022', 'ximosuay@rollinter.net', 2, 1),
(2719, 'Iris', 'Rodríguez', 'Sanchis', '1995-01-25', 'F', 'irisrodríguez', 'Rollinter2022', 'irisrodríguez@rollinter.net', 2, 1),
(2720, 'Mario', 'Rodríguez', 'Sanchis', '1978-08-03', 'F', 'mariorodríguez', 'Rollinter2022', 'mariorodríguez@rollinter.net', 2, 1),
(2721, 'Luis Fernando', 'Perez', 'Sanchez', '1955-02-03', 'M', 'luisfernandoperez', 'Rollinter2022', 'luisfernandoperez@rollinter.net', 2, 1),
(2722, 'Ximo', 'Boriko', 'Benavent', '1977-01-16', 'M', 'ximoboriko', 'Rollinter2022', 'ximoboriko@rollinter.net', 2, 1),
(2723, 'Mario', 'Rosales', 'Benavent', '1985-03-05', 'F', 'mariorosales', 'Rollinter2022', 'mariorosales@rollinter.net', 2, 1),
(2724, 'Iris', 'Tomas', 'Luz', '1974-03-21', 'F', 'iristomas', 'Rollinter2022', 'iristomas@rollinter.net', 2, 1),
(2725, 'Lucas Ezequiel', 'Blanco', 'Bañuls', '1960-04-21', 'M', 'lucasezequielblanco', 'Rollinter2022', 'lucasezequielblanco@rollinter.net', 2, 1),
(2726, 'Carlos', 'Tomas', 'Sanchez', '1966-09-27', 'M', 'carlostomas', 'Rollinter2022', 'carlostomas@rollinter.net', 2, 1),
(2727, 'Nerea', 'Rosales', 'Benavent', '1923-07-10', 'F', 'nerearosales', 'Rollinter2022', 'nerearosales@rollinter.net', 2, 1),
(2728, 'Lucas Ezequiel', 'Guerrero', 'Romance', '1924-04-02', 'F', 'lucasezequielguerrero', 'Rollinter2022', 'lucasezequielguerrero@rollinter.net', 2, 1),
(2729, 'Alvaro', 'Perez', 'Morera', '1990-09-20', 'M', 'alvaroperez', 'Rollinter2022', 'alvaroperez@rollinter.net', 2, 1),
(2730, 'Jose David', 'Gyori', 'Torres', '1967-03-04', 'F', 'josedavidgyori', 'Rollinter2022', 'josedavidgyori@rollinter.net', 2, 1),
(2731, 'Mario', 'Luque', 'Torres', '1936-07-28', 'F', 'marioluque', 'Rollinter2022', 'marioluque@rollinter.net', 2, 192),
(2732, 'Jose Maria', 'Carrascosa', 'Hurtado', '1967-11-20', 'M', 'josemariacarrascosa', 'Rollinter2022', 'josemariacarrascosa@rollinter.net', 2, 121),
(2733, 'Jose Maria', 'Soler', 'Ríos', '2001-10-26', 'F', 'josemariasoler', 'Rollinter2022', 'josemariasoler@rollinter.net', 2, 1),
(2734, 'Alexis', 'Gyori', 'Morera', '1992-01-25', 'M', 'alexisgyori', 'Rollinter2022', 'alexisgyori@rollinter.net', 2, 1),
(2735, 'Nerea', 'Suay', 'Sanchez', '1993-01-01', 'M', 'nereasuay', 'Rollinter2022', 'nereasuay@rollinter.net', 2, 1),
(2736, 'Luis', 'Vilar', 'Gyori', '1956-02-11', 'M', 'luisvilar', 'Rollinter2022', 'luisvilar@rollinter.net', 2, 137),
(2737, 'Ainhoa', 'Perez', 'Benavent', '1988-08-30', 'M', 'ainhoaperez', 'Rollinter2022', 'ainhoaperez@rollinter.net', 2, 1),
(2738, 'Alexis', 'Rosales', 'Benavent', '1939-04-23', 'F', 'alexisrosales', 'Rollinter2022', 'alexisrosales@rollinter.net', 2, 1),
(2739, 'Alexis', 'Perez', 'Benavent', '1974-10-31', 'M', 'alexisperez', 'Rollinter2022', 'alexisperez@rollinter.net', 2, 1),
(2740, 'Nerea', 'Perez', 'Torres', '1984-01-23', 'M', 'nereaperez', 'Rollinter2022', 'nereaperez@rollinter.net', 2, 1),
(2741, 'Alvaro', 'Rodríguez', 'Castello', '1932-05-16', 'F', 'alvarorodríguez', 'Rollinter2022', 'alvarorodríguez@rollinter.net', 2, 1),
(2742, 'Alexis', 'Suay', 'Blayimir', '1945-09-11', 'F', 'alexissuay', 'Rollinter2022', 'alexissuay@rollinter.net', 2, 1),
(2743, 'Cristina', 'Perez', 'Sanchis', '1994-01-14', 'F', 'cristinaperez', 'Rollinter2022', 'cristinaperez@rollinter.net', 2, 1),
(2744, 'Luis Fernando', 'Perez', 'Laenos', '1968-10-20', 'F', 'luisfernandoperez', 'Rollinter2022', 'luisfernandoperez@rollinter.net', 2, 159),
(2745, 'Raimon', 'Guerrero', 'Castello', '1943-03-24', 'M', 'raimonguerrero', 'Rollinter2022', 'raimonguerrero@rollinter.net', 2, 1),
(2746, 'Jose David', 'Rosales', 'Fernández', '1993-10-20', 'F', 'josedavidrosales', 'Rollinter2022', 'josedavidrosales@rollinter.net', 2, 1),
(2747, 'Raimon', 'Perez', 'Mourad', '1925-04-26', 'F', 'raimonperez', 'Rollinter2022', 'raimonperez@rollinter.net', 2, 1),
(2748, 'Raimon', 'Rezgaoui', 'Morera', '1987-08-26', 'F', 'raimonrezgaoui', 'Rollinter2022', 'raimonrezgaoui@rollinter.net', 2, 1),
(2749, 'Luis Fernando', 'Boriko', 'Luz', '1994-01-15', 'F', 'luisfernandoboriko', 'Rollinter2022', 'luisfernandoboriko@rollinter.net', 2, 1),
(2750, 'Karim', 'Soler', 'Patricio', '1976-04-24', 'M', 'karimsoler', 'Rollinter2022', 'karimsoler@rollinter.net', 2, 1),
(2751, 'Jose Maria', 'Carrascosa', 'Mourad', '1983-12-29', 'F', 'josemariacarrascosa', 'Rollinter2022', 'josemariacarrascosa@rollinter.net', 2, 1),
(2752, 'Lucas Ezequiel', 'Blanco', 'Castello', '1991-11-02', 'M', 'lucasezequielblanco', 'Rollinter2022', 'lucasezequielblanco@rollinter.net', 2, 199),
(2753, 'Ainhoa', 'Benito', 'Luz', '1989-11-14', 'F', 'ainhoabenito', 'Rollinter2022', 'ainhoabenito@rollinter.net', 2, 128),
(2754, 'Raimon', 'Suay', 'Gyori', '1975-01-02', 'F', 'raimonsuay', 'Rollinter2022', 'raimonsuay@rollinter.net', 2, 1),
(2755, 'Jose David', 'Vilar', 'Ríos', '1990-10-26', 'F', 'josedavidvilar', 'Rollinter2022', 'josedavidvilar@rollinter.net', 2, 1),
(2756, 'Karim', 'Benito', 'Torres', '2007-02-24', 'M', 'karimbenito', 'Rollinter2022', 'karimbenito@rollinter.net', 2, 1),
(2757, 'Karim', 'Perez', 'Mourad', '1995-03-05', 'M', 'karimperez', 'Rollinter2022', 'karimperez@rollinter.net', 2, 1),
(2758, 'Karim', 'Tomas', 'Gyori', '1968-08-02', 'F', 'karimtomas', 'Rollinter2022', 'karimtomas@rollinter.net', 2, 1),
(2759, 'Jose Maria', 'Blanco', 'Torres', '1985-06-30', 'M', 'josemariablanco', 'Rollinter2022', 'josemariablanco@rollinter.net', 2, 1),
(2760, 'Ainhoa', 'Soler', 'Fernández', '1985-08-23', 'F', 'ainhoasoler', 'Rollinter2022', 'ainhoasoler@rollinter.net', 2, 1),
(2761, 'Elliot', 'Suay', 'Sanchis', '1946-08-24', 'F', 'elliotsuay', 'Rollinter2022', 'elliotsuay@rollinter.net', 2, 1),
(2762, 'Luis Fernando', 'Rezgaoui', 'Benavent', '1975-10-29', 'F', 'luisfernandorezgaoui', 'Rollinter2022', 'luisfernandorezgaoui@rollinter.net', 2, 1),
(2763, 'Carlos', 'Perez', 'Castello', '1995-11-25', 'F', 'carlosperez', 'Rollinter2022', 'carlosperez@rollinter.net', 2, 183),
(2764, 'Cristina', 'Carrascosa', 'Zanon', '1949-04-10', 'F', 'cristinacarrascosa', 'Rollinter2022', 'cristinacarrascosa@rollinter.net', 2, 195),
(2765, 'Luis', 'Guerrero', 'Fernández', '2004-05-24', 'M', 'luisguerrero', 'Rollinter2022', 'luisguerrero@rollinter.net', 2, 1),
(2766, 'Raimon', 'Luque', 'Romance', '2008-08-08', 'M', 'raimonluque', 'Rollinter2022', 'raimonluque@rollinter.net', 2, 142),
(2767, 'Jose Maria', 'Luque', 'Romance', '1987-04-21', 'F', 'josemarialuque', 'Rollinter2022', 'josemarialuque@rollinter.net', 2, 1),
(2768, 'Alexis', 'Lazaro', 'Benavent', '1923-06-01', 'M', 'alexislazaro', 'Rollinter2022', 'alexislazaro@rollinter.net', 2, 214),
(2769, 'Ainhoa', 'Rosales', 'Fernández', '1962-06-01', 'M', 'ainhoarosales', 'Rollinter2022', 'ainhoarosales@rollinter.net', 2, 1),
(2770, 'Elliot', 'Carrascosa', 'Blayimir', '1947-02-22', 'F', 'elliotcarrascosa', 'Rollinter2022', 'elliotcarrascosa@rollinter.net', 2, 1),
(2771, 'Cristina', 'Guerrero', 'Luz', '1945-11-14', 'F', 'cristinaguerrero', 'Rollinter2022', 'cristinaguerrero@rollinter.net', 2, 129),
(2772, 'Alvaro', 'Rosales', 'Laenos', '1974-01-19', 'M', 'alvarorosales', 'Rollinter2022', 'alvarorosales@rollinter.net', 2, 1),
(2773, 'Alvaro', 'Talaya', 'Bañuls', '2007-05-08', 'M', 'alvarotalaya', 'Rollinter2022', 'alvarotalaya@rollinter.net', 2, 1),
(2774, 'Luis', 'Tomas', 'Benavent', '1983-11-20', 'M', 'luistomas', 'Rollinter2022', 'luistomas@rollinter.net', 2, 1),
(2775, 'Karim', 'Soler', 'Laenos', '1959-08-07', 'F', 'karimsoler', 'Rollinter2022', 'karimsoler@rollinter.net', 2, 190),
(2776, 'Lucas Ezequiel', 'Talaya', 'Bañuls', '1969-06-20', 'F', 'lucasezequieltalaya', 'Rollinter2022', 'lucasezequieltalaya@rollinter.net', 2, 1),
(2777, 'Mario', 'Rezgaoui', 'Fernández', '1933-02-06', 'M', 'mariorezgaoui', 'Rollinter2022', 'mariorezgaoui@rollinter.net', 2, 1),
(2778, 'Lucas Ezequiel', 'Rodríguez', 'Romance', '1985-08-22', 'M', 'lucasezequielrodríguez', 'Rollinter2022', 'lucasezequielrodríguez@rollinter.net', 2, 1),
(2779, 'Estefania', 'Gyori', 'Luz', '1961-05-16', 'F', 'estefaniagyori', 'Rollinter2022', 'estefaniagyori@rollinter.net', 2, 1),
(2780, 'Mario', 'Lazaro', 'Ríos', '1933-06-28', 'M', 'mariolazaro', 'Rollinter2022', 'mariolazaro@rollinter.net', 2, 1),
(2781, 'Carlos', 'Soler', 'Benavent', '1938-11-02', 'F', 'carlossoler', 'Rollinter2022', 'carlossoler@rollinter.net', 2, 1),
(2782, 'Ximo', 'Perez', 'Sanchis', '1991-08-27', 'F', 'ximoperez', 'Rollinter2022', 'ximoperez@rollinter.net', 2, 1),
(2783, 'Estefania', 'Soler', 'Sanchis', '1969-04-09', 'F', 'estefaniasoler', 'Rollinter2022', 'estefaniasoler@rollinter.net', 2, 1),
(2784, 'Cristina', 'Rodríguez', 'Laenos', '1951-07-28', 'F', 'cristinarodríguez', 'Rollinter2022', 'cristinarodríguez@rollinter.net', 2, 1),
(2785, 'Mario', 'Boriko', 'Zanon', '1984-12-01', 'M', 'marioboriko', 'Rollinter2022', 'marioboriko@rollinter.net', 2, 1),
(2786, 'Cristina', 'Tomas', 'Romance', '1970-01-25', 'M', 'cristinatomas', 'Rollinter2022', 'cristinatomas@rollinter.net', 2, 1),
(2787, 'Mario', 'Luque', 'Ríos', '1977-02-04', 'M', 'marioluque', 'Rollinter2022', 'marioluque@rollinter.net', 2, 1),
(2788, 'Karim', 'Rezgaoui', 'Romance', '1966-04-24', 'M', 'karimrezgaoui', 'Rollinter2022', 'karimrezgaoui@rollinter.net', 2, 1),
(2789, 'Ruben', 'Blanco', 'Sanchis', '1956-05-14', 'F', 'rubenblanco', 'Rollinter2022', 'rubenblanco@rollinter.net', 2, 1),
(2790, 'Karim', 'Soler', 'Sanchis', '1931-12-18', 'M', 'karimsoler', 'Rollinter2022', 'karimsoler@rollinter.net', 2, 1),
(2791, 'Mario', 'Suay', 'Blayimir', '1994-10-15', 'F', 'mariosuay', 'Rollinter2022', 'mariosuay@rollinter.net', 2, 1),
(2792, 'Karim', 'Guerrero', 'Morera', '2002-01-16', 'F', 'karimguerrero', 'Rollinter2022', 'karimguerrero@rollinter.net', 2, 1),
(2793, 'Alvaro', 'Soler', 'Benavent', '1953-08-22', 'F', 'alvarosoler', 'Rollinter2022', 'alvarosoler@rollinter.net', 2, 1),
(2794, 'Alvaro', 'Lazaro', 'Pascual', '1974-10-30', 'M', 'alvarolazaro', 'Rollinter2022', 'alvarolazaro@rollinter.net', 2, 1),
(2795, 'Alvaro', 'Vilar', 'Pascual', '1954-03-02', 'M', 'alvarovilar', 'Rollinter2022', 'alvarovilar@rollinter.net', 2, 1),
(2796, 'Elliot', 'Luque', 'Benavent', '1990-06-03', 'M', 'elliotluque', 'Rollinter2022', 'elliotluque@rollinter.net', 2, 1),
(2797, 'Karim', 'Boriko', 'Romance', '1925-08-24', 'M', 'karimboriko', 'Rollinter2022', 'karimboriko@rollinter.net', 2, 1),
(2798, 'Jose David', 'Lazaro', 'Zanon', '1935-11-01', 'M', 'josedavidlazaro', 'Rollinter2022', 'josedavidlazaro@rollinter.net', 2, 1),
(2799, 'Elliot', 'Luque', 'Bañuls', '1989-06-15', 'M', 'elliotluque', 'Rollinter2022', 'elliotluque@rollinter.net', 2, 1),
(2800, 'Raimon', 'Suay', 'Romance', '1959-11-13', 'F', 'raimonsuay', 'Rollinter2022', 'raimonsuay@rollinter.net', 2, 1),
(2801, 'Ruben', 'Blanco', 'Benavent', '1926-06-05', 'M', 'rubenblanco', 'Rollinter2022', 'rubenblanco@rollinter.net', 2, 1),
(2802, 'Alvaro', 'Benito', 'Morera', '1943-09-15', 'F', 'alvarobenito', 'Rollinter2022', 'alvarobenito@rollinter.net', 2, 1),
(2803, 'Lucas Ezequiel', 'Gyori', 'Torres', '1933-05-15', 'M', 'lucasezequielgyori', 'Rollinter2022', 'lucasezequielgyori@rollinter.net', 2, 1),
(2804, 'Jose David', 'Soler', 'Pascual', '1979-05-24', 'F', 'josedavidsoler', 'Rollinter2022', 'josedavidsoler@rollinter.net', 2, 131),
(2805, 'Ximo', 'Perez', 'Patricio', '1961-12-11', 'M', 'ximoperez', 'Rollinter2022', 'ximoperez@rollinter.net', 2, 1),
(2806, 'Kevin', 'Rosales', 'Laenos', '1925-05-26', 'M', 'kevinrosales', 'Rollinter2022', 'kevinrosales@rollinter.net', 2, 1),
(2807, 'Karim', 'Lazaro', 'Laenos', '1979-01-14', 'M', 'karimlazaro', 'Rollinter2022', 'karimlazaro@rollinter.net', 2, 193),
(2808, 'Alvaro', 'Gyori', 'Romance', '1957-04-22', 'M', 'alvarogyori', 'Rollinter2022', 'alvarogyori@rollinter.net', 2, 1),
(2809, 'Iris', 'Blanco', 'Benavent', '2003-11-27', 'F', 'irisblanco', 'Rollinter2022', 'irisblanco@rollinter.net', 2, 1),
(2810, 'Carlos', 'Benito', 'Sanchis', '1932-01-26', 'M', 'carlosbenito', 'Rollinter2022', 'carlosbenito@rollinter.net', 2, 1),
(2811, 'Raimon', 'Luque', 'Pascual', '1969-03-22', 'M', 'raimonluque', 'Rollinter2022', 'raimonluque@rollinter.net', 2, 154),
(2812, 'Ximo', 'Soler', 'Hurtado', '1970-08-09', 'M', 'ximosoler', 'Rollinter2022', 'ximosoler@rollinter.net', 2, 1),
(2813, 'Elliot', 'Vilar', 'Ríos', '1928-10-21', 'F', 'elliotvilar', 'Rollinter2022', 'elliotvilar@rollinter.net', 2, 1),
(2814, 'Ruben', 'Carrascosa', 'Blayimir', '1986-06-10', 'F', 'rubencarrascosa', 'Rollinter2022', 'rubencarrascosa@rollinter.net', 2, 118),
(2815, 'Jose Maria', 'Vilar', 'Zanon', '1976-03-03', 'F', 'josemariavilar', 'Rollinter2022', 'josemariavilar@rollinter.net', 2, 1),
(2816, 'Alexis', 'Benito', 'Gyori', '1982-05-21', 'F', 'alexisbenito', 'Rollinter2022', 'alexisbenito@rollinter.net', 2, 1),
(2817, 'Ainhoa', 'Perez', 'Benavent', '2004-03-02', 'F', 'ainhoaperez', 'Rollinter2022', 'ainhoaperez@rollinter.net', 2, 1),
(2818, 'Ximo', 'Tomas', 'Zanon', '1961-10-27', 'F', 'ximotomas', 'Rollinter2022', 'ximotomas@rollinter.net', 2, 115),
(2819, 'Iris', 'Talaya', 'Ríos', '1996-06-16', 'F', 'iristalaya', 'Rollinter2022', 'iristalaya@rollinter.net', 2, 1),
(2820, 'Cristina', 'Suay', 'Hurtado', '1990-09-01', 'M', 'cristinasuay', 'Rollinter2022', 'cristinasuay@rollinter.net', 2, 1),
(2821, 'Iris', 'Perez', 'Bañuls', '1940-08-11', 'F', 'irisperez', 'Rollinter2022', 'irisperez@rollinter.net', 2, 1),
(2822, 'Lucas Ezequiel', 'Tomas', 'Mourad', '1983-06-21', 'M', 'lucasezequieltomas', 'Rollinter2022', 'lucasezequieltomas@rollinter.net', 2, 1),
(2823, 'Estefania', 'Tomas', 'Gyori', '1983-12-17', 'M', 'estefaniatomas', 'Rollinter2022', 'estefaniatomas@rollinter.net', 2, 1),
(2824, 'Jose David', 'Perez', 'Bañuls', '2005-02-18', 'F', 'josedavidperez', 'Rollinter2022', 'josedavidperez@rollinter.net', 2, 1),
(2825, 'Carlos', 'Perez', 'Sanchez', '2005-06-20', 'M', 'carlosperez', 'Rollinter2022', 'carlosperez@rollinter.net', 2, 1),
(2826, 'Lucas Ezequiel', 'Vilar', 'Benavent', '1974-01-25', 'M', 'lucasezequielvilar', 'Rollinter2022', 'lucasezequielvilar@rollinter.net', 2, 1),
(2827, 'Luis', 'Gyori', 'Gyori', '1972-09-17', 'M', 'luisgyori', 'Rollinter2022', 'luisgyori@rollinter.net', 2, 175),
(2828, 'Alvaro', 'Suay', 'Morera', '1999-04-10', 'F', 'alvarosuay', 'Rollinter2022', 'alvarosuay@rollinter.net', 2, 140),
(2829, 'Cristina', 'Soler', 'Torres', '1972-01-24', 'M', 'cristinasoler', 'Rollinter2022', 'cristinasoler@rollinter.net', 2, 1),
(2830, 'Carlos', 'Guerrero', 'Benavent', '1963-11-28', 'M', 'carlosguerrero', 'Rollinter2022', 'carlosguerrero@rollinter.net', 2, 1),
(2831, 'Nerea', 'Boriko', 'Romance', '1982-03-23', 'F', 'nereaboriko', 'Rollinter2022', 'nereaboriko@rollinter.net', 2, 1),
(2832, 'Mario', 'Guerrero', 'Benavent', '1989-05-14', 'F', 'marioguerrero', 'Rollinter2022', 'marioguerrero@rollinter.net', 2, 1),
(2833, 'Alvaro', 'Rezgaoui', 'Hurtado', '1975-08-13', 'M', 'alvarorezgaoui', 'Rollinter2022', 'alvarorezgaoui@rollinter.net', 2, 1),
(2834, 'Ruben', 'Perez', 'Sanchez', '1955-03-29', 'F', 'rubenperez', 'Rollinter2022', 'rubenperez@rollinter.net', 2, 1),
(2835, 'Alvaro', 'Rezgaoui', 'Hurtado', '1979-02-08', 'F', 'alvarorezgaoui', 'Rollinter2022', 'alvarorezgaoui@rollinter.net', 2, 1),
(2836, 'Mario', 'Rosales', 'Benavent', '1925-10-31', 'F', 'mariorosales', 'Rollinter2022', 'mariorosales@rollinter.net', 2, 1),
(2837, 'Ruben', 'Perez', 'Zanon', '1974-02-24', 'M', 'rubenperez', 'Rollinter2022', 'rubenperez@rollinter.net', 2, 1),
(2838, 'Nerea', 'Vilar', 'Blayimir', '1964-08-12', 'F', 'nereavilar', 'Rollinter2022', 'nereavilar@rollinter.net', 2, 200),
(2839, 'Ainhoa', 'Vilar', 'Mourad', '1923-07-04', 'F', 'ainhoavilar', 'Rollinter2022', 'ainhoavilar@rollinter.net', 2, 1),
(2840, 'Elliot', 'Suay', 'Ríos', '1968-11-09', 'F', 'elliotsuay', 'Rollinter2022', 'elliotsuay@rollinter.net', 2, 1),
(2841, 'Ainhoa', 'Rezgaoui', 'Ríos', '2007-09-13', 'F', 'ainhoarezgaoui', 'Rollinter2022', 'ainhoarezgaoui@rollinter.net', 2, 1),
(2842, 'Jose David', 'Benito', 'Blayimir', '1934-08-03', 'F', 'josedavidbenito', 'Rollinter2022', 'josedavidbenito@rollinter.net', 2, 1),
(2843, 'Mario', 'Perez', 'Sanchis', '1940-09-01', 'F', 'marioperez', 'Rollinter2022', 'marioperez@rollinter.net', 2, 1),
(2844, 'Lucas Ezequiel', 'Perez', 'Patricio', '1925-08-20', 'F', 'lucasezequielperez', 'Rollinter2022', 'lucasezequielperez@rollinter.net', 2, 1),
(2845, 'Ruben', 'Suay', 'Gyori', '1971-05-31', 'F', 'rubensuay', 'Rollinter2022', 'rubensuay@rollinter.net', 2, 1),
(2846, 'Nerea', 'Benito', 'Hurtado', '1936-08-24', 'M', 'nereabenito', 'Rollinter2022', 'nereabenito@rollinter.net', 2, 1),
(2847, 'Ainhoa', 'Luque', 'Pascual', '1999-07-03', 'M', 'ainhoaluque', 'Rollinter2022', 'ainhoaluque@rollinter.net', 2, 1),
(2848, 'Ruben', 'Blanco', 'Ríos', '1979-09-25', 'M', 'rubenblanco', 'Rollinter2022', 'rubenblanco@rollinter.net', 2, 1),
(2849, 'Raimon', 'Gyori', 'Ríos', '1977-06-29', 'M', 'raimongyori', 'Rollinter2022', 'raimongyori@rollinter.net', 2, 1),
(2850, 'Cristina', 'Lazaro', 'Sanchez', '1957-09-21', 'F', 'cristinalazaro', 'Rollinter2022', 'cristinalazaro@rollinter.net', 2, 212),
(2851, 'Ruben', 'Perez', 'Ríos', '1965-04-16', 'M', 'rubenperez', 'Rollinter2022', 'rubenperez@rollinter.net', 2, 1),
(2852, 'Luis', 'Luque', 'Castello', '2004-11-05', 'F', 'luisluque', 'Rollinter2022', 'luisluque@rollinter.net', 2, 1),
(2853, 'Iris', 'Talaya', 'Blayimir', '1963-05-15', 'F', 'iristalaya', 'Rollinter2022', 'iristalaya@rollinter.net', 2, 1),
(2854, 'Karim', 'Gyori', 'Gyori', '2001-05-08', 'F', 'karimgyori', 'Rollinter2022', 'karimgyori@rollinter.net', 2, 1),
(2855, 'Raimon', 'Rosales', 'Benavent', '1928-11-11', 'M', 'raimonrosales', 'Rollinter2022', 'raimonrosales@rollinter.net', 2, 1),
(2856, 'Mario', 'Tomas', 'Romance', '1980-09-21', 'M', 'mariotomas', 'Rollinter2022', 'mariotomas@rollinter.net', 2, 1),
(2857, 'Ruben', 'Vilar', 'Morera', '2001-04-28', 'M', 'rubenvilar', 'Rollinter2022', 'rubenvilar@rollinter.net', 2, 1),
(2858, 'Estefania', 'Lazaro', 'Ríos', '1932-04-05', 'M', 'estefanialazaro', 'Rollinter2022', 'estefanialazaro@rollinter.net', 2, 1),
(2859, 'Luis', 'Perez', 'Laenos', '1927-03-08', 'F', 'luisperez', 'Rollinter2022', 'luisperez@rollinter.net', 2, 1),
(2860, 'Ruben', 'Talaya', 'Luz', '1992-06-21', 'M', 'rubentalaya', 'Rollinter2022', 'rubentalaya@rollinter.net', 2, 1),
(2861, 'Ximo', 'Lazaro', 'Romance', '1932-10-13', 'M', 'ximolazaro', 'Rollinter2022', 'ximolazaro@rollinter.net', 2, 1),
(2862, 'Raimon', 'Benito', 'Fernández', '1995-09-15', 'F', 'raimonbenito', 'Rollinter2022', 'raimonbenito@rollinter.net', 2, 1),
(2863, 'Raimon', 'Rodríguez', 'Gyori', '1924-07-18', 'F', 'raimonrodríguez', 'Rollinter2022', 'raimonrodríguez@rollinter.net', 2, 155),
(2864, 'Luis Fernando', 'Lazaro', 'Zanon', '1960-02-29', 'F', 'luisfernandolazaro', 'Rollinter2022', 'luisfernandolazaro@rollinter.net', 2, 1),
(2865, 'Ximo', 'Perez', 'Benavent', '2004-09-03', 'F', 'ximoperez', 'Rollinter2022', 'ximoperez@rollinter.net', 2, 1),
(2866, 'Nerea', 'Soler', 'Luz', '1955-01-23', 'F', 'nereasoler', 'Rollinter2022', 'nereasoler@rollinter.net', 2, 1),
(2867, 'Luis Fernando', 'Benito', 'Ríos', '1997-06-06', 'F', 'luisfernandobenito', 'Rollinter2022', 'luisfernandobenito@rollinter.net', 2, 1),
(2868, 'Nerea', 'Vilar', 'Torres', '2001-03-06', 'F', 'nereavilar', 'Rollinter2022', 'nereavilar@rollinter.net', 2, 1),
(2869, 'Carlos', 'Gyori', 'Romance', '1998-05-13', 'M', 'carlosgyori', 'Rollinter2022', 'carlosgyori@rollinter.net', 2, 1),
(2870, 'Nerea', 'Soler', 'Benavent', '1924-07-06', 'M', 'nereasoler', 'Rollinter2022', 'nereasoler@rollinter.net', 2, 1),
(2871, 'Alexis', 'Carrascosa', 'Benavent', '1965-03-19', 'F', 'alexiscarrascosa', 'Rollinter2022', 'alexiscarrascosa@rollinter.net', 2, 1),
(2872, 'Ximo', 'Perez', 'Sanchez', '1950-01-11', 'F', 'ximoperez', 'Rollinter2022', 'ximoperez@rollinter.net', 2, 1),
(2873, 'Cristina', 'Guerrero', 'Ríos', '1942-06-30', 'M', 'cristinaguerrero', 'Rollinter2022', 'cristinaguerrero@rollinter.net', 2, 1),
(2874, 'Estefania', 'Lazaro', 'Zanon', '1992-07-25', 'F', 'estefanialazaro', 'Rollinter2022', 'estefanialazaro@rollinter.net', 2, 1),
(2875, 'Estefania', 'Perez', 'Romance', '1923-01-10', 'M', 'estefaniaperez', 'Rollinter2022', 'estefaniaperez@rollinter.net', 2, 1),
(2876, 'Alexis', 'Carrascosa', 'Sanchez', '1969-05-05', 'M', 'alexiscarrascosa', 'Rollinter2022', 'alexiscarrascosa@rollinter.net', 2, 158),
(2877, 'Lucas Ezequiel', 'Blanco', 'Mourad', '1999-04-23', 'F', 'lucasezequielblanco', 'Rollinter2022', 'lucasezequielblanco@rollinter.net', 2, 1),
(2878, 'Karim', 'Vilar', 'Morera', '1953-04-11', 'F', 'karimvilar', 'Rollinter2022', 'karimvilar@rollinter.net', 2, 1),
(2879, 'Estefania', 'Rosales', 'Laenos', '1984-12-26', 'F', 'estefaniarosales', 'Rollinter2022', 'estefaniarosales@rollinter.net', 2, 1),
(2880, 'Elliot', 'Benito', 'Luz', '1978-08-28', 'F', 'elliotbenito', 'Rollinter2022', 'elliotbenito@rollinter.net', 2, 1),
(2881, 'Ruben', 'Suay', 'Torres', '1967-04-10', 'F', 'rubensuay', 'Rollinter2022', 'rubensuay@rollinter.net', 2, 1),
(2882, 'Estefania', 'Guerrero', 'Pascual', '1925-02-23', 'M', 'estefaniaguerrero', 'Rollinter2022', 'estefaniaguerrero@rollinter.net', 2, 1),
(2883, 'Jose Maria', 'Soler', 'Morera', '1943-10-21', 'F', 'josemariasoler', 'Rollinter2022', 'josemariasoler@rollinter.net', 2, 1),
(2884, 'Karim', 'Blanco', 'Laenos', '1956-01-21', 'M', 'karimblanco', 'Rollinter2022', 'karimblanco@rollinter.net', 2, 126),
(2885, 'Alexis', 'Soler', 'Pascual', '2001-01-14', 'F', 'alexissoler', 'Rollinter2022', 'alexissoler@rollinter.net', 2, 1),
(2886, 'Luis', 'Vilar', 'Ríos', '1968-05-15', 'F', 'luisvilar', 'Rollinter2022', 'luisvilar@rollinter.net', 2, 1),
(2887, 'Carlos', 'Carrascosa', 'Luz', '1950-12-10', 'F', 'carloscarrascosa', 'Rollinter2022', 'carloscarrascosa@rollinter.net', 2, 1),
(2888, 'Carlos', 'Perez', 'Sanchez', '1979-11-18', 'F', 'carlosperez', 'Rollinter2022', 'carlosperez@rollinter.net', 2, 1),
(2889, 'Alvaro', 'Vilar', 'Ríos', '2000-09-15', 'M', 'alvarovilar', 'Rollinter2022', 'alvarovilar@rollinter.net', 2, 1),
(2890, 'Estefania', 'Perez', 'Sanchez', '1950-05-24', 'M', 'estefaniaperez', 'Rollinter2022', 'estefaniaperez@rollinter.net', 2, 1),
(2891, 'Estefania', 'Perez', 'Castello', '1964-01-18', 'M', 'estefaniaperez', 'Rollinter2022', 'estefaniaperez@rollinter.net', 2, 1),
(2892, 'Jose David', 'Rosales', 'Fernández', '1926-05-17', 'F', 'josedavidrosales', 'Rollinter2022', 'josedavidrosales@rollinter.net', 2, 186),
(2893, 'Mario', 'Carrascosa', 'Hurtado', '2000-06-20', 'F', 'mariocarrascosa', 'Rollinter2022', 'mariocarrascosa@rollinter.net', 2, 1),
(2894, 'Lucas Ezequiel', 'Rezgaoui', 'Laenos', '1946-05-08', 'M', 'lucasezequielrezgaoui', 'Rollinter2022', 'lucasezequielrezgaoui@rollinter.net', 2, 1),
(2895, 'Mario', 'Guerrero', 'Morera', '1957-12-06', 'F', 'marioguerrero', 'Rollinter2022', 'marioguerrero@rollinter.net', 2, 1),
(2896, 'Ainhoa', 'Perez', 'Laenos', '1962-06-03', 'F', 'ainhoaperez', 'Rollinter2022', 'ainhoaperez@rollinter.net', 2, 1),
(2897, 'Lucas Ezequiel', 'Talaya', 'Laenos', '1983-11-26', 'F', 'lucasezequieltalaya', 'Rollinter2022', 'lucasezequieltalaya@rollinter.net', 2, 1),
(2898, 'Ainhoa', 'Blanco', 'Fernández', '1955-05-26', 'F', 'ainhoablanco', 'Rollinter2022', 'ainhoablanco@rollinter.net', 2, 1),
(2899, 'Cristina', 'Perez', 'Zanon', '1939-11-28', 'F', 'cristinaperez', 'Rollinter2022', 'cristinaperez@rollinter.net', 2, 136),
(2900, 'Iris', 'Tomas', 'Fernández', '1948-11-26', 'M', 'iristomas', 'Rollinter2022', 'iristomas@rollinter.net', 2, 1),
(2901, 'Cristina', 'Perez', 'Pascual', '1924-10-11', 'F', 'cristinaperez', 'Rollinter2022', 'cristinaperez@rollinter.net', 2, 1),
(2902, 'Ximo', 'Gyori', 'Morera', '1995-12-26', 'F', 'ximogyori', 'Rollinter2022', 'ximogyori@rollinter.net', 2, 1),
(2903, 'Ximo', 'Vilar', 'Blayimir', '1963-06-18', 'F', 'ximovilar', 'Rollinter2022', 'ximovilar@rollinter.net', 2, 1),
(2904, 'Estefania', 'Boriko', 'Pascual', '1925-05-01', 'F', 'estefaniaboriko', 'Rollinter2022', 'estefaniaboriko@rollinter.net', 2, 1),
(2905, 'Kevin', 'Perez', 'Romance', '1960-12-29', 'F', 'kevinperez', 'Rollinter2022', 'kevinperez@rollinter.net', 2, 1),
(2906, 'Ainhoa', 'Soler', 'Pascual', '1930-04-30', 'M', 'ainhoasoler', 'Rollinter2022', 'ainhoasoler@rollinter.net', 2, 1),
(2907, 'Kevin', 'Benito', 'Morera', '2005-01-19', 'M', 'kevinbenito', 'Rollinter2022', 'kevinbenito@rollinter.net', 2, 1),
(2908, 'Jose Maria', 'Gyori', 'Patricio', '1959-05-26', 'M', 'josemariagyori', 'Rollinter2022', 'josemariagyori@rollinter.net', 2, 1),
(2909, 'Lucas Ezequiel', 'Talaya', 'Torres', '1978-08-21', 'M', 'lucasezequieltalaya', 'Rollinter2022', 'lucasezequieltalaya@rollinter.net', 2, 1),
(2910, 'Karim', 'Boriko', 'Castello', '1981-05-31', 'M', 'karimboriko', 'Rollinter2022', 'karimboriko@rollinter.net', 2, 1),
(2911, 'Raimon', 'Guerrero', 'Benavent', '1992-05-15', 'F', 'raimonguerrero', 'Rollinter2022', 'raimonguerrero@rollinter.net', 2, 1),
(2912, 'Karim', 'Lazaro', 'Castello', '1949-12-20', 'M', 'karimlazaro', 'Rollinter2022', 'karimlazaro@rollinter.net', 2, 1),
(2913, 'Ximo', 'Rezgaoui', 'Bañuls', '1931-12-16', 'M', 'ximorezgaoui', 'Rollinter2022', 'ximorezgaoui@rollinter.net', 2, 1),
(2914, 'Luis Fernando', 'Tomas', 'Patricio', '1947-07-10', 'M', 'luisfernandotomas', 'Rollinter2022', 'luisfernandotomas@rollinter.net', 2, 1),
(2915, 'Carlos', 'Guerrero', 'Mourad', '1933-12-17', 'M', 'carlosguerrero', 'Rollinter2022', 'carlosguerrero@rollinter.net', 2, 1),
(2916, 'Jose Maria', 'Lazaro', 'Romance', '1946-03-17', 'F', 'josemarialazaro', 'Rollinter2022', 'josemarialazaro@rollinter.net', 2, 1),
(2917, 'Carlos', 'Blanco', 'Mourad', '1962-01-01', 'F', 'carlosblanco', 'Rollinter2022', 'carlosblanco@rollinter.net', 2, 1),
(2918, 'Ruben', 'Benito', 'Fernández', '1967-04-04', 'F', 'rubenbenito', 'Rollinter2022', 'rubenbenito@rollinter.net', 2, 1),
(2919, 'Lucas Ezequiel', 'Luque', 'Sanchis', '1970-10-13', 'F', 'lucasezequielluque', 'Rollinter2022', 'lucasezequielluque@rollinter.net', 2, 1),
(2920, 'Luis Fernando', 'Rodríguez', 'Romance', '1924-01-21', 'F', 'luisfernandorodríguez', 'Rollinter2022', 'luisfernandorodríguez@rollinter.net', 2, 1),
(2921, 'Lucas Ezequiel', 'Benito', 'Hurtado', '2001-10-06', 'F', 'lucasezequielbenito', 'Rollinter2022', 'lucasezequielbenito@rollinter.net', 2, 1),
(2922, 'Lucas Ezequiel', 'Luque', 'Fernández', '1998-09-29', 'F', 'lucasezequielluque', 'Rollinter2022', 'lucasezequielluque@rollinter.net', 2, 1),
(2923, 'Luis Fernando', 'Suay', 'Bañuls', '1938-06-13', 'M', 'luisfernandosuay', 'Rollinter2022', 'luisfernandosuay@rollinter.net', 2, 1),
(2924, 'Elliot', 'Rosales', 'Ríos', '1991-08-09', 'M', 'elliotrosales', 'Rollinter2022', 'elliotrosales@rollinter.net', 2, 1),
(2925, 'Jose David', 'Rodríguez', 'Romance', '1955-09-01', 'M', 'josedavidrodríguez', 'Rollinter2022', 'josedavidrodríguez@rollinter.net', 2, 1),
(2926, 'Carlos', 'Vilar', 'Luz', '2007-08-09', 'F', 'carlosvilar', 'Rollinter2022', 'carlosvilar@rollinter.net', 2, 1),
(2927, 'Ainhoa', 'Perez', 'Torres', '1927-08-07', 'F', 'ainhoaperez', 'Rollinter2022', 'ainhoaperez@rollinter.net', 2, 1),
(2928, 'Karim', 'Rezgaoui', 'Castello', '1930-08-05', 'F', 'karimrezgaoui', 'Rollinter2022', 'karimrezgaoui@rollinter.net', 2, 1),
(2929, 'Lucas Ezequiel', 'Soler', 'Laenos', '1941-05-01', 'F', 'lucasezequielsoler', 'Rollinter2022', 'lucasezequielsoler@rollinter.net', 2, 1),
(2930, 'Raimon', 'Blanco', 'Benavent', '1939-04-20', 'M', 'raimonblanco', 'Rollinter2022', 'raimonblanco@rollinter.net', 2, 1),
(2931, 'Ruben', 'Carrascosa', 'Fernández', '1931-07-12', 'F', 'rubencarrascosa', 'Rollinter2022', 'rubencarrascosa@rollinter.net', 2, 1),
(2932, 'Elliot', 'Lazaro', 'Torres', '1959-02-09', 'M', 'elliotlazaro', 'Rollinter2022', 'elliotlazaro@rollinter.net', 2, 1),
(2933, 'Iris', 'Tomas', 'Morera', '1955-09-10', 'F', 'iristomas', 'Rollinter2022', 'iristomas@rollinter.net', 2, 1),
(2934, 'Alvaro', 'Guerrero', 'Sanchez', '1955-10-07', 'F', 'alvaroguerrero', 'Rollinter2022', 'alvaroguerrero@rollinter.net', 2, 1),
(2935, 'Carlos', 'Boriko', 'Patricio', '1990-03-23', 'F', 'carlosboriko', 'Rollinter2022', 'carlosboriko@rollinter.net', 2, 1),
(2936, 'Kevin', 'Guerrero', 'Sanchez', '1942-02-21', 'F', 'kevinguerrero', 'Rollinter2022', 'kevinguerrero@rollinter.net', 2, 1),
(2937, 'Alexis', 'Soler', 'Bañuls', '1958-03-09', 'F', 'alexissoler', 'Rollinter2022', 'alexissoler@rollinter.net', 2, 1),
(2938, 'Ruben', 'Soler', 'Zanon', '1965-08-10', 'F', 'rubensoler', 'Rollinter2022', 'rubensoler@rollinter.net', 2, 210),
(2939, 'Cristina', 'Tomas', 'Zanon', '1940-11-09', 'M', 'cristinatomas', 'Rollinter2022', 'cristinatomas@rollinter.net', 2, 1),
(2940, 'Estefania', 'Lazaro', 'Torres', '1948-03-27', 'M', 'estefanialazaro', 'Rollinter2022', 'estefanialazaro@rollinter.net', 2, 1),
(2941, 'Lucas Ezequiel', 'Vilar', 'Romance', '1926-04-09', 'M', 'lucasezequielvilar', 'Rollinter2022', 'lucasezequielvilar@rollinter.net', 2, 1),
(2942, 'Nerea', 'Blanco', 'Pascual', '1953-02-22', 'F', 'nereablanco', 'Rollinter2022', 'nereablanco@rollinter.net', 2, 1),
(2943, 'Nerea', 'Guerrero', 'Bañuls', '1923-10-29', 'M', 'nereaguerrero', 'Rollinter2022', 'nereaguerrero@rollinter.net', 2, 1),
(2944, 'Luis Fernando', 'Carrascosa', 'Ríos', '1943-08-14', 'F', 'luisfernandocarrascosa', 'Rollinter2022', 'luisfernandocarrascosa@rollinter.net', 2, 1),
(2945, 'Raimon', 'Luque', 'Sanchis', '1988-02-14', 'M', 'raimonluque', 'Rollinter2022', 'raimonluque@rollinter.net', 2, 1),
(2946, 'Ximo', 'Perez', 'Sanchis', '1946-01-12', 'F', 'ximoperez', 'Rollinter2022', 'ximoperez@rollinter.net', 2, 149),
(2947, 'Luis Fernando', 'Boriko', 'Benavent', '1929-05-17', 'F', 'luisfernandoboriko', 'Rollinter2022', 'luisfernandoboriko@rollinter.net', 2, 1),
(2948, 'Ruben', 'Vilar', 'Laenos', '1925-02-12', 'M', 'rubenvilar', 'Rollinter2022', 'rubenvilar@rollinter.net', 2, 1),
(2949, 'Karim', 'Tomas', 'Romance', '1933-12-03', 'F', 'karimtomas', 'Rollinter2022', 'karimtomas@rollinter.net', 2, 1),
(2950, 'Kevin', 'Blanco', 'Ríos', '1963-10-02', 'M', 'kevinblanco', 'Rollinter2022', 'kevinblanco@rollinter.net', 2, 1),
(2951, 'Kevin', 'Rezgaoui', 'Sanchis', '1943-07-07', 'F', 'kevinrezgaoui', 'Rollinter2022', 'kevinrezgaoui@rollinter.net', 2, 1),
(2952, 'Ximo', 'Tomas', 'Castello', '1952-12-22', 'M', 'ximotomas', 'Rollinter2022', 'ximotomas@rollinter.net', 2, 1),
(2953, 'Ruben', 'Tomas', 'Bañuls', '1980-06-06', 'F', 'rubentomas', 'Rollinter2022', 'rubentomas@rollinter.net', 2, 1),
(2954, 'Ainhoa', 'Gyori', 'Morera', '1996-04-22', 'M', 'ainhoagyori', 'Rollinter2022', 'ainhoagyori@rollinter.net', 2, 1),
(2955, 'Jose Maria', 'Talaya', 'Mourad', '1961-01-02', 'F', 'josemariatalaya', 'Rollinter2022', 'josemariatalaya@rollinter.net', 2, 1),
(2956, 'Jose David', 'Soler', 'Castello', '1986-02-08', 'F', 'josedavidsoler', 'Rollinter2022', 'josedavidsoler@rollinter.net', 2, 191),
(2957, 'Jose David', 'Rosales', 'Morera', '1954-01-15', 'M', 'josedavidrosales', 'Rollinter2022', 'josedavidrosales@rollinter.net', 2, 1),
(2958, 'Nerea', 'Rezgaoui', 'Blayimir', '1969-05-16', 'M', 'nerearezgaoui', 'Rollinter2022', 'nerearezgaoui@rollinter.net', 2, 1),
(2959, 'Estefania', 'Benito', 'Hurtado', '1966-10-17', 'F', 'estefaniabenito', 'Rollinter2022', 'estefaniabenito@rollinter.net', 2, 1),
(2960, 'Carlos', 'Gyori', 'Benavent', '1990-11-09', 'M', 'carlosgyori', 'Rollinter2022', 'carlosgyori@rollinter.net', 2, 1),
(2961, 'Ruben', 'Blanco', 'Torres', '2008-07-26', 'M', 'rubenblanco', 'Rollinter2022', 'rubenblanco@rollinter.net', 2, 1),
(2962, 'Lucas Ezequiel', 'Vilar', 'Zanon', '2005-02-17', 'M', 'lucasezequielvilar', 'Rollinter2022', 'lucasezequielvilar@rollinter.net', 2, 123),
(2963, 'Jose Maria', 'Rezgaoui', 'Sanchez', '1938-10-04', 'M', 'josemariarezgaoui', 'Rollinter2022', 'josemariarezgaoui@rollinter.net', 2, 1),
(2964, 'Alvaro', 'Benito', 'Pascual', '1951-02-24', 'M', 'alvarobenito', 'Rollinter2022', 'alvarobenito@rollinter.net', 2, 1),
(2965, 'Luis', 'Rosales', 'Castello', '1984-11-10', 'M', 'luisrosales', 'Rollinter2022', 'luisrosales@rollinter.net', 2, 1),
(2966, 'Luis', 'Perez', 'Hurtado', '1956-08-01', 'F', 'luisperez', 'Rollinter2022', 'luisperez@rollinter.net', 2, 1),
(2967, 'Cristina', 'Rezgaoui', 'Sanchez', '1946-05-27', 'M', 'cristinarezgaoui', 'Rollinter2022', 'cristinarezgaoui@rollinter.net', 2, 1),
(2968, 'Ainhoa', 'Rodríguez', 'Castello', '1950-04-16', 'M', 'ainhoarodríguez', 'Rollinter2022', 'ainhoarodríguez@rollinter.net', 2, 1),
(2969, 'Jose Maria', 'Tomas', 'Mourad', '1959-04-08', 'M', 'josemariatomas', 'Rollinter2022', 'josemariatomas@rollinter.net', 2, 1),
(2970, 'Estefania', 'Suay', 'Romance', '1963-08-04', 'M', 'estefaniasuay', 'Rollinter2022', 'estefaniasuay@rollinter.net', 2, 1),
(2971, 'Ruben', 'Luque', 'Laenos', '1942-12-07', 'F', 'rubenluque', 'Rollinter2022', 'rubenluque@rollinter.net', 2, 1),
(2972, 'Ximo', 'Guerrero', 'Ríos', '1945-06-06', 'M', 'ximoguerrero', 'Rollinter2022', 'ximoguerrero@rollinter.net', 2, 1),
(2973, 'Elliot', 'Boriko', 'Laenos', '1938-01-11', 'F', 'elliotboriko', 'Rollinter2022', 'elliotboriko@rollinter.net', 2, 1),
(2974, 'Mario', 'Rodríguez', 'Benavent', '2007-10-31', 'F', 'mariorodríguez', 'Rollinter2022', 'mariorodríguez@rollinter.net', 2, 1),
(2975, 'Alexis', 'Benito', 'Castello', '1959-02-18', 'M', 'alexisbenito', 'Rollinter2022', 'alexisbenito@rollinter.net', 2, 1),
(2976, 'Alexis', 'Rodríguez', 'Sanchez', '1924-07-07', 'F', 'alexisrodríguez', 'Rollinter2022', 'alexisrodríguez@rollinter.net', 2, 1),
(2977, 'Jose David', 'Perez', 'Hurtado', '1936-02-10', 'M', 'josedavidperez', 'Rollinter2022', 'josedavidperez@rollinter.net', 2, 1),
(2978, 'Jose Maria', 'Lazaro', 'Benavent', '1988-09-14', 'F', 'josemarialazaro', 'Rollinter2022', 'josemarialazaro@rollinter.net', 2, 1),
(2979, 'Ainhoa', 'Rezgaoui', 'Castello', '1993-04-06', 'F', 'ainhoarezgaoui', 'Rollinter2022', 'ainhoarezgaoui@rollinter.net', 2, 1),
(2980, 'Lucas Ezequiel', 'Carrascosa', 'Romance', '1988-07-24', 'F', 'lucasezequielcarrascosa', 'Rollinter2022', 'lucasezequielcarrascosa@rollinter.net', 2, 164),
(2981, 'Nerea', 'Talaya', 'Ríos', '1988-03-31', 'M', 'nereatalaya', 'Rollinter2022', 'nereatalaya@rollinter.net', 2, 1),
(2982, 'Luis', 'Tomas', 'Benavent', '1975-07-15', 'F', 'luistomas', 'Rollinter2022', 'luistomas@rollinter.net', 2, 1),
(2983, 'Raimon', 'Lazaro', 'Mourad', '1995-07-06', 'F', 'raimonlazaro', 'Rollinter2022', 'raimonlazaro@rollinter.net', 2, 1),
(2984, 'Ruben', 'Perez', 'Luz', '1968-05-27', 'F', 'rubenperez', 'Rollinter2022', 'rubenperez@rollinter.net', 2, 1),
(2985, 'Jose David', 'Suay', 'Mourad', '1959-11-24', 'M', 'josedavidsuay', 'Rollinter2022', 'josedavidsuay@rollinter.net', 2, 1),
(2986, 'Estefania', 'Perez', 'Sanchez', '1965-06-12', 'F', 'estefaniaperez', 'Rollinter2022', 'estefaniaperez@rollinter.net', 2, 1),
(2987, 'Ximo', 'Boriko', 'Gyori', '1940-03-03', 'F', 'ximoboriko', 'Rollinter2022', 'ximoboriko@rollinter.net', 2, 1),
(2988, 'Jose Maria', 'Perez', 'Hurtado', '1981-04-16', 'F', 'josemariaperez', 'Rollinter2022', 'josemariaperez@rollinter.net', 2, 143),
(2989, 'Alvaro', 'Blanco', 'Castello', '1982-09-25', 'F', 'alvaroblanco', 'Rollinter2022', 'alvaroblanco@rollinter.net', 2, 139),
(2990, 'Iris', 'Gyori', 'Mourad', '1968-04-18', 'F', 'irisgyori', 'Rollinter2022', 'irisgyori@rollinter.net', 2, 1),
(2991, 'Iris', 'Lazaro', 'Ríos', '1947-09-22', 'F', 'irislazaro', 'Rollinter2022', 'irislazaro@rollinter.net', 2, 1),
(2992, 'Nerea', 'Rezgaoui', 'Pascual', '1923-04-13', 'M', 'nerearezgaoui', 'Rollinter2022', 'nerearezgaoui@rollinter.net', 2, 1),
(2993, 'Ainhoa', 'Talaya', 'Sanchez', '1964-08-11', 'M', 'ainhoatalaya', 'Rollinter2022', 'ainhoatalaya@rollinter.net', 2, 1),
(2994, 'Alvaro', 'Suay', 'Gyori', '1981-03-14', 'M', 'alvarosuay', 'Rollinter2022', 'alvarosuay@rollinter.net', 2, 1),
(2995, 'Luis', 'Blanco', 'Bañuls', '2005-04-21', 'M', 'luisblanco', 'Rollinter2022', 'luisblanco@rollinter.net', 2, 1),
(2996, 'Ainhoa', 'Perez', 'Benavent', '1955-12-26', 'M', 'ainhoaperez', 'Rollinter2022', 'ainhoaperez@rollinter.net', 2, 1),
(2997, 'Elliot', 'Benito', 'Torres', '1971-10-07', 'F', 'elliotbenito', 'Rollinter2022', 'elliotbenito@rollinter.net', 2, 1),
(2998, 'Lucas Ezequiel', 'Carrascosa', 'Sanchis', '1957-04-14', 'M', 'lucasezequielcarrascosa', 'Rollinter2022', 'lucasezequielcarrascosa@rollinter.net', 2, 1),
(2999, 'Raimon', 'Benito', 'Patricio', '1989-03-07', 'F', 'raimonbenito', 'Rollinter2022', 'raimonbenito@rollinter.net', 2, 1);
INSERT INTO `user` (`id`, `name`, `surname1`, `surname2`, `datebirth`, `gender`, `username`, `password`, `email`, `id_usertype`, `id_team`) VALUES
(3000, 'Cristina', 'Carrascosa', 'Blayimir', '1961-07-24', 'F', 'cristinacarrascosa', 'Rollinter2022', 'cristinacarrascosa@rollinter.net', 2, 1),
(3001, 'Mario', 'Boriko', 'Laenos', '1991-04-21', 'M', 'marioboriko', 'Rollinter2022', 'marioboriko@rollinter.net', 2, 1),
(3002, 'Estefania', 'Rosales', 'Ríos', '1996-04-13', 'M', 'estefaniarosales', 'Rollinter2022', 'estefaniarosales@rollinter.net', 2, 1),
(3003, 'Lucas Ezequiel', 'Perez', 'Laenos', '1968-04-16', 'M', 'lucasezequielperez', 'Rollinter2022', 'lucasezequielperez@rollinter.net', 2, 172),
(3004, 'Carlos', 'Luque', 'Hurtado', '1960-01-03', 'M', 'carlosluque', 'Rollinter2022', 'carlosluque@rollinter.net', 2, 1),
(3005, 'Raimon', 'Tomas', 'Bañuls', '2006-07-02', 'F', 'raimontomas', 'Rollinter2022', 'raimontomas@rollinter.net', 2, 1),
(3006, 'Kevin', 'Talaya', 'Benavent', '1926-10-21', 'M', 'kevintalaya', 'Rollinter2022', 'kevintalaya@rollinter.net', 2, 1),
(3007, 'Karim', 'Rezgaoui', 'Hurtado', '1947-04-14', 'M', 'karimrezgaoui', 'Rollinter2022', 'karimrezgaoui@rollinter.net', 2, 1),
(3008, 'Nerea', 'Carrascosa', 'Benavent', '1998-07-29', 'F', 'nereacarrascosa', 'Rollinter2022', 'nereacarrascosa@rollinter.net', 2, 1),
(3009, 'Ruben', 'Rosales', 'Gyori', '1938-10-09', 'M', 'rubenrosales', 'Rollinter2022', 'rubenrosales@rollinter.net', 2, 1),
(3010, 'Luis Fernando', 'Soler', 'Benavent', '2004-05-18', 'M', 'luisfernandosoler', 'Rollinter2022', 'luisfernandosoler@rollinter.net', 2, 1),
(3011, 'Kevin', 'Soler', 'Laenos', '1944-08-05', 'F', 'kevinsoler', 'Rollinter2022', 'kevinsoler@rollinter.net', 2, 1),
(3012, 'Raimon', 'Tomas', 'Torres', '1930-09-03', 'F', 'raimontomas', 'Rollinter2022', 'raimontomas@rollinter.net', 2, 1),
(3013, 'Carlos', 'Lazaro', 'Laenos', '1990-10-18', 'M', 'carloslazaro', 'Rollinter2022', 'carloslazaro@rollinter.net', 2, 1),
(3014, 'Cristina', 'Perez', 'Zanon', '1949-02-16', 'M', 'cristinaperez', 'Rollinter2022', 'cristinaperez@rollinter.net', 2, 130),
(3015, 'Cristina', 'Luque', 'Laenos', '1979-01-20', 'M', 'cristinaluque', 'Rollinter2022', 'cristinaluque@rollinter.net', 2, 1),
(3016, 'Lucas Ezequiel', 'Blanco', 'Ríos', '1958-07-01', 'F', 'lucasezequielblanco', 'Rollinter2022', 'lucasezequielblanco@rollinter.net', 2, 1),
(3017, 'Nerea', 'Tomas', 'Patricio', '1953-02-02', 'F', 'nereatomas', 'Rollinter2022', 'nereatomas@rollinter.net', 2, 1),
(3018, 'Alvaro', 'Rezgaoui', 'Torres', '1958-06-22', 'F', 'alvarorezgaoui', 'Rollinter2022', 'alvarorezgaoui@rollinter.net', 2, 1),
(3019, 'Luis Fernando', 'Vilar', 'Hurtado', '1940-11-20', 'M', 'luisfernandovilar', 'Rollinter2022', 'luisfernandovilar@rollinter.net', 2, 1),
(3020, 'Karim', 'Gyori', 'Luz', '2003-01-26', 'F', 'karimgyori', 'Rollinter2022', 'karimgyori@rollinter.net', 2, 1),
(3021, 'Elliot', 'Boriko', 'Bañuls', '1977-06-21', 'F', 'elliotboriko', 'Rollinter2022', 'elliotboriko@rollinter.net', 2, 1),
(3022, 'Luis Fernando', 'Talaya', 'Sanchez', '1948-06-03', 'F', 'luisfernandotalaya', 'Rollinter2022', 'luisfernandotalaya@rollinter.net', 2, 1),
(3023, 'Jose David', 'Perez', 'Bañuls', '1982-08-07', 'F', 'josedavidperez', 'Rollinter2022', 'josedavidperez@rollinter.net', 2, 1),
(3024, 'Kevin', 'Perez', 'Torres', '1929-06-25', 'M', 'kevinperez', 'Rollinter2022', 'kevinperez@rollinter.net', 2, 1),
(3025, 'Kevin', 'Luque', 'Morera', '1933-04-22', 'M', 'kevinluque', 'Rollinter2022', 'kevinluque@rollinter.net', 2, 1),
(3026, 'Nerea', 'Rodríguez', 'Benavent', '2003-03-20', 'M', 'nerearodríguez', 'Rollinter2022', 'nerearodríguez@rollinter.net', 2, 1),
(3027, 'Luis Fernando', 'Carrascosa', 'Morera', '1972-04-15', 'F', 'luisfernandocarrascosa', 'Rollinter2022', 'luisfernandocarrascosa@rollinter.net', 2, 1),
(3028, 'Kevin', 'Talaya', 'Zanon', '1949-06-26', 'M', 'kevintalaya', 'Rollinter2022', 'kevintalaya@rollinter.net', 2, 1),
(3029, 'Jose David', 'Boriko', 'Blayimir', '1938-01-07', 'M', 'josedavidboriko', 'Rollinter2022', 'josedavidboriko@rollinter.net', 2, 1),
(3030, 'Raimon', 'Soler', 'Benavent', '1977-12-21', 'F', 'raimonsoler', 'Rollinter2022', 'raimonsoler@rollinter.net', 2, 1),
(3031, 'Luis Fernando', 'Rezgaoui', 'Fernández', '2008-08-11', 'M', 'luisfernandorezgaoui', 'Rollinter2022', 'luisfernandorezgaoui@rollinter.net', 2, 185),
(3032, 'Mario', 'Blanco', 'Benavent', '1938-08-31', 'M', 'marioblanco', 'Rollinter2022', 'marioblanco@rollinter.net', 2, 1),
(3033, 'Estefania', 'Vilar', 'Sanchis', '1927-11-14', 'F', 'estefaniavilar', 'Rollinter2022', 'estefaniavilar@rollinter.net', 2, 1),
(3034, 'Lucas Ezequiel', 'Talaya', 'Blayimir', '1983-06-28', 'M', 'lucasezequieltalaya', 'Rollinter2022', 'lucasezequieltalaya@rollinter.net', 2, 1),
(3035, 'Iris', 'Perez', 'Zanon', '1996-07-07', 'M', 'irisperez', 'Rollinter2022', 'irisperez@rollinter.net', 2, 1),
(3036, 'Alvaro', 'Perez', 'Bañuls', '1931-07-05', 'F', 'alvaroperez', 'Rollinter2022', 'alvaroperez@rollinter.net', 2, 1),
(3037, 'Ruben', 'Perez', 'Laenos', '1960-01-24', 'M', 'rubenperez', 'Rollinter2022', 'rubenperez@rollinter.net', 2, 1),
(3038, 'Karim', 'Lazaro', 'Hurtado', '2005-06-06', 'F', 'karimlazaro', 'Rollinter2022', 'karimlazaro@rollinter.net', 2, 1),
(3039, 'Kevin', 'Perez', 'Patricio', '1973-02-17', 'F', 'kevinperez', 'Rollinter2022', 'kevinperez@rollinter.net', 2, 1),
(3040, 'Cristina', 'Gyori', 'Torres', '1973-05-19', 'F', 'cristinagyori', 'Rollinter2022', 'cristinagyori@rollinter.net', 2, 1),
(3041, 'Kevin', 'Perez', 'Luz', '1968-03-13', 'F', 'kevinperez', 'Rollinter2022', 'kevinperez@rollinter.net', 2, 1),
(3042, 'Iris', 'Guerrero', 'Benavent', '1930-05-18', 'F', 'irisguerrero', 'Rollinter2022', 'irisguerrero@rollinter.net', 2, 1),
(3043, 'Ainhoa', 'Rosales', 'Castello', '1977-06-11', 'M', 'ainhoarosales', 'Rollinter2022', 'ainhoarosales@rollinter.net', 2, 1),
(3044, 'Raimon', 'Boriko', 'Blayimir', '1950-09-16', 'M', 'raimonboriko', 'Rollinter2022', 'raimonboriko@rollinter.net', 2, 1),
(3045, 'Alvaro', 'Talaya', 'Benavent', '2003-03-27', 'M', 'alvarotalaya', 'Rollinter2022', 'alvarotalaya@rollinter.net', 2, 1),
(3046, 'Alvaro', 'Gyori', 'Sanchis', '1973-01-18', 'F', 'alvarogyori', 'Rollinter2022', 'alvarogyori@rollinter.net', 2, 1),
(3047, 'Lucas Ezequiel', 'Soler', 'Ríos', '1923-05-13', 'F', 'lucasezequielsoler', 'Rollinter2022', 'lucasezequielsoler@rollinter.net', 2, 1),
(3048, 'Alvaro', 'Luque', 'Torres', '1930-01-28', 'M', 'alvaroluque', 'Rollinter2022', 'alvaroluque@rollinter.net', 2, 1),
(3049, 'Iris', 'Talaya', 'Bañuls', '1992-07-28', 'M', 'iristalaya', 'Rollinter2022', 'iristalaya@rollinter.net', 2, 179),
(3050, 'Cristina', 'Talaya', 'Fernández', '1992-11-26', 'F', 'cristinatalaya', 'Rollinter2022', 'cristinatalaya@rollinter.net', 2, 1),
(3051, 'Jose Maria', 'Gyori', 'Blayimir', '1991-05-29', 'M', 'josemariagyori', 'Rollinter2022', 'josemariagyori@rollinter.net', 2, 1),
(3052, 'Jose David', 'Perez', 'Castello', '1932-10-12', 'M', 'josedavidperez', 'Rollinter2022', 'josedavidperez@rollinter.net', 2, 194),
(3053, 'Jose David', 'Soler', 'Torres', '1935-04-21', 'F', 'josedavidsoler', 'Rollinter2022', 'josedavidsoler@rollinter.net', 2, 1),
(3054, 'Alexis', 'Perez', 'Zanon', '1981-08-02', 'M', 'alexisperez', 'Rollinter2022', 'alexisperez@rollinter.net', 2, 1),
(3055, 'Alexis', 'Gyori', 'Mourad', '1925-10-01', 'F', 'alexisgyori', 'Rollinter2022', 'alexisgyori@rollinter.net', 2, 1),
(3056, 'Lucas Ezequiel', 'Boriko', 'Benavent', '1923-08-19', 'M', 'lucasezequielboriko', 'Rollinter2022', 'lucasezequielboriko@rollinter.net', 2, 1),
(3057, 'Ainhoa', 'Perez', 'Romance', '1996-11-15', 'M', 'ainhoaperez', 'Rollinter2022', 'ainhoaperez@rollinter.net', 2, 1),
(3058, 'Ainhoa', 'Lazaro', 'Benavent', '1947-01-19', 'M', 'ainhoalazaro', 'Rollinter2022', 'ainhoalazaro@rollinter.net', 2, 1),
(3059, 'Kevin', 'Gyori', 'Sanchis', '1931-10-05', 'F', 'kevingyori', 'Rollinter2022', 'kevingyori@rollinter.net', 2, 1),
(3060, 'Iris', 'Lazaro', 'Gyori', '1941-06-02', 'F', 'irislazaro', 'Rollinter2022', 'irislazaro@rollinter.net', 2, 1),
(3061, 'Ruben', 'Perez', 'Benavent', '1951-08-31', 'M', 'rubenperez', 'Rollinter2022', 'rubenperez@rollinter.net', 2, 1),
(3062, 'Iris', 'Blanco', 'Benavent', '1957-03-16', 'F', 'irisblanco', 'Rollinter2022', 'irisblanco@rollinter.net', 2, 1),
(3063, 'Kevin', 'Soler', 'Morera', '2002-06-22', 'M', 'kevinsoler', 'Rollinter2022', 'kevinsoler@rollinter.net', 2, 1),
(3064, 'Carlos', 'Talaya', 'Mourad', '1978-05-17', 'F', 'carlostalaya', 'Rollinter2022', 'carlostalaya@rollinter.net', 2, 1),
(3065, 'Cristina', 'Soler', 'Fernández', '2000-03-15', 'F', 'cristinasoler', 'Rollinter2022', 'cristinasoler@rollinter.net', 2, 116),
(3066, 'Luis Fernando', 'Suay', 'Romance', '1954-04-10', 'F', 'luisfernandosuay', 'Rollinter2022', 'luisfernandosuay@rollinter.net', 2, 1),
(3067, 'Ximo', 'Blanco', 'Torres', '1975-09-16', 'M', 'ximoblanco', 'Rollinter2022', 'ximoblanco@rollinter.net', 2, 1),
(3068, 'Luis', 'Guerrero', 'Patricio', '2001-06-23', 'F', 'luisguerrero', 'Rollinter2022', 'luisguerrero@rollinter.net', 2, 1),
(3069, 'Jose David', 'Gyori', 'Hurtado', '1959-11-13', 'F', 'josedavidgyori', 'Rollinter2022', 'josedavidgyori@rollinter.net', 2, 1),
(3070, 'Ruben', 'Vilar', 'Bañuls', '1998-05-02', 'F', 'rubenvilar', 'Rollinter2022', 'rubenvilar@rollinter.net', 2, 1),
(3071, 'Kevin', 'Perez', 'Blayimir', '2003-02-16', 'F', 'kevinperez', 'Rollinter2022', 'kevinperez@rollinter.net', 2, 203),
(3072, 'Carlos', 'Suay', 'Morera', '1964-04-04', 'M', 'carlossuay', 'Rollinter2022', 'carlossuay@rollinter.net', 2, 1),
(3073, 'Luis Fernando', 'Rezgaoui', 'Patricio', '1999-02-26', 'M', 'luisfernandorezgaoui', 'Rollinter2022', 'luisfernandorezgaoui@rollinter.net', 2, 1),
(3074, 'Cristina', 'Suay', 'Patricio', '2000-03-15', 'F', 'cristinasuay', 'Rollinter2022', 'cristinasuay@rollinter.net', 2, 1),
(3075, 'Kevin', 'Guerrero', 'Castello', '1929-03-23', 'M', 'kevinguerrero', 'Rollinter2022', 'kevinguerrero@rollinter.net', 2, 1),
(3076, 'Alvaro', 'Talaya', 'Sanchis', '1960-09-28', 'F', 'alvarotalaya', 'Rollinter2022', 'alvarotalaya@rollinter.net', 2, 1),
(3077, 'Kevin', 'Perez', 'Luz', '1930-01-06', 'M', 'kevinperez', 'Rollinter2022', 'kevinperez@rollinter.net', 2, 1),
(3078, 'Karim', 'Benito', 'Luz', '1977-01-29', 'F', 'karimbenito', 'Rollinter2022', 'karimbenito@rollinter.net', 2, 1),
(3079, 'Ainhoa', 'Blanco', 'Patricio', '1943-12-05', 'F', 'ainhoablanco', 'Rollinter2022', 'ainhoablanco@rollinter.net', 2, 1),
(3080, 'Estefania', 'Perez', 'Zanon', '1995-08-15', 'F', 'estefaniaperez', 'Rollinter2022', 'estefaniaperez@rollinter.net', 2, 189),
(3081, 'Iris', 'Tomas', 'Romance', '1985-02-25', 'M', 'iristomas', 'Rollinter2022', 'iristomas@rollinter.net', 2, 1),
(3082, 'Karim', 'Vilar', 'Luz', '1950-04-12', 'F', 'karimvilar', 'Rollinter2022', 'karimvilar@rollinter.net', 2, 1),
(3083, 'Jose Maria', 'Rodríguez', 'Morera', '2004-08-30', 'F', 'josemariarodríguez', 'Rollinter2022', 'josemariarodríguez@rollinter.net', 2, 1),
(3084, 'Elliot', 'Perez', 'Luz', '1965-09-24', 'F', 'elliotperez', 'Rollinter2022', 'elliotperez@rollinter.net', 2, 1),
(3085, 'Estefania', 'Perez', 'Romance', '1943-12-15', 'F', 'estefaniaperez', 'Rollinter2022', 'estefaniaperez@rollinter.net', 2, 1),
(3086, 'Nerea', 'Suay', 'Benavent', '2005-10-18', 'M', 'nereasuay', 'Rollinter2022', 'nereasuay@rollinter.net', 2, 1),
(3087, 'Alvaro', 'Suay', 'Pascual', '1944-04-05', 'F', 'alvarosuay', 'Rollinter2022', 'alvarosuay@rollinter.net', 2, 1),
(3088, 'Alvaro', 'Lazaro', 'Castello', '1949-07-30', 'M', 'alvarolazaro', 'Rollinter2022', 'alvarolazaro@rollinter.net', 2, 1),
(3089, 'Jose David', 'Tomas', 'Patricio', '1994-07-10', 'M', 'josedavidtomas', 'Rollinter2022', 'josedavidtomas@rollinter.net', 2, 1),
(3090, 'Elliot', 'Talaya', 'Hurtado', '1985-11-25', 'M', 'elliottalaya', 'Rollinter2022', 'elliottalaya@rollinter.net', 2, 1),
(3091, 'Alexis', 'Lazaro', 'Zanon', '2003-10-05', 'F', 'alexislazaro', 'Rollinter2022', 'alexislazaro@rollinter.net', 2, 134),
(3092, 'Jose Maria', 'Blanco', 'Sanchis', '1962-08-09', 'F', 'josemariablanco', 'Rollinter2022', 'josemariablanco@rollinter.net', 2, 1),
(3093, 'Raimon', 'Carrascosa', 'Zanon', '1961-08-26', 'F', 'raimoncarrascosa', 'Rollinter2022', 'raimoncarrascosa@rollinter.net', 2, 1),
(3094, 'Ruben', 'Luque', 'Patricio', '2007-08-22', 'F', 'rubenluque', 'Rollinter2022', 'rubenluque@rollinter.net', 2, 1),
(3095, 'Luis', 'Blanco', 'Patricio', '1926-07-14', 'M', 'luisblanco', 'Rollinter2022', 'luisblanco@rollinter.net', 2, 1),
(3096, 'Raimon', 'Guerrero', 'Bañuls', '1979-06-14', 'M', 'raimonguerrero', 'Rollinter2022', 'raimonguerrero@rollinter.net', 2, 1),
(3097, 'Carlos', 'Blanco', 'Benavent', '1936-12-01', 'F', 'carlosblanco', 'Rollinter2022', 'carlosblanco@rollinter.net', 2, 1),
(3098, 'Ximo', 'Suay', 'Sanchez', '1923-10-12', 'M', 'ximosuay', 'Rollinter2022', 'ximosuay@rollinter.net', 2, 1),
(3099, 'Jose David', 'Talaya', 'Patricio', '2003-01-27', 'M', 'josedavidtalaya', 'Rollinter2022', 'josedavidtalaya@rollinter.net', 2, 1),
(3100, 'Lucas Ezequiel', 'Blanco', 'Luz', '1961-10-10', 'F', 'lucasezequielblanco', 'Rollinter2022', 'lucasezequielblanco@rollinter.net', 2, 1),
(3101, 'Kevin', 'Suay', 'Pascual', '1925-11-15', 'M', 'kevinsuay', 'Rollinter2022', 'kevinsuay@rollinter.net', 2, 1),
(3102, 'Jose Maria', 'Guerrero', 'Romance', '1953-10-01', 'M', 'josemariaguerrero', 'Rollinter2022', 'josemariaguerrero@rollinter.net', 2, 1),
(3103, 'Jose David', 'Rosales', 'Sanchis', '2007-09-11', 'M', 'josedavidrosales', 'Rollinter2022', 'josedavidrosales@rollinter.net', 2, 1),
(3104, 'Iris', 'Gyori', 'Sanchez', '2007-11-10', 'F', 'irisgyori', 'Rollinter2022', 'irisgyori@rollinter.net', 2, 1),
(3105, 'Lucas Ezequiel', 'Perez', 'Patricio', '1975-02-03', 'F', 'lucasezequielperez', 'Rollinter2022', 'lucasezequielperez@rollinter.net', 2, 1),
(3106, 'Karim', 'Luque', 'Benavent', '1966-08-07', 'F', 'karimluque', 'Rollinter2022', 'karimluque@rollinter.net', 2, 1),
(3107, 'Alvaro', 'Rodríguez', 'Benavent', '1984-08-29', 'M', 'alvarorodríguez', 'Rollinter2022', 'alvarorodríguez@rollinter.net', 2, 1),
(3108, 'Cristina', 'Perez', 'Fernández', '1965-08-05', 'F', 'cristinaperez', 'Rollinter2022', 'cristinaperez@rollinter.net', 2, 1),
(3109, 'Luis', 'Carrascosa', 'Hurtado', '1968-12-14', 'M', 'luiscarrascosa', 'Rollinter2022', 'luiscarrascosa@rollinter.net', 2, 1),
(3110, 'Ximo', 'Luque', 'Fernández', '1960-04-05', 'F', 'ximoluque', 'Rollinter2022', 'ximoluque@rollinter.net', 2, 1),
(3111, 'Nerea', 'Perez', 'Luz', '2008-09-15', 'F', 'nereaperez', 'Rollinter2022', 'nereaperez@rollinter.net', 2, 1),
(3112, 'Elliot', 'Gyori', 'Sanchez', '1954-01-14', 'M', 'elliotgyori', 'Rollinter2022', 'elliotgyori@rollinter.net', 2, 1),
(3113, 'Jose Maria', 'Guerrero', 'Hurtado', '2004-01-27', 'M', 'josemariaguerrero', 'Rollinter2022', 'josemariaguerrero@rollinter.net', 2, 1),
(3114, 'Elliot', 'Tomas', 'Morera', '1977-02-18', 'M', 'elliottomas', 'Rollinter2022', 'elliottomas@rollinter.net', 2, 1),
(3115, 'Ruben', 'Luque', 'Zanon', '1963-02-12', 'M', 'rubenluque', 'Rollinter2022', 'rubenluque@rollinter.net', 2, 1),
(3116, 'Jose Maria', 'Perez', 'Romance', '1927-06-05', 'M', 'josemariaperez', 'Rollinter2022', 'josemariaperez@rollinter.net', 2, 1),
(3117, 'Luis', 'Tomas', 'Pascual', '1967-08-03', 'M', 'luistomas', 'Rollinter2022', 'luistomas@rollinter.net', 2, 1),
(3118, 'Lucas Ezequiel', 'Benito', 'Romance', '1957-10-27', 'M', 'lucasezequielbenito', 'Rollinter2022', 'lucasezequielbenito@rollinter.net', 2, 1),
(3119, 'Ruben', 'Perez', 'Morera', '1958-10-22', 'M', 'rubenperez', 'Rollinter2022', 'rubenperez@rollinter.net', 2, 1),
(3120, 'Ximo', 'Benito', 'Luz', '1960-01-15', 'F', 'ximobenito', 'Rollinter2022', 'ximobenito@rollinter.net', 2, 1),
(3121, 'Karim', 'Rezgaoui', 'Laenos', '1954-03-16', 'M', 'karimrezgaoui', 'Rollinter2022', 'karimrezgaoui@rollinter.net', 2, 1),
(3122, 'Kevin', 'Gyori', 'Benavent', '1929-03-18', 'F', 'kevingyori', 'Rollinter2022', 'kevingyori@rollinter.net', 2, 1),
(3123, 'Raimon', 'Suay', 'Gyori', '1923-09-15', 'F', 'raimonsuay', 'Rollinter2022', 'raimonsuay@rollinter.net', 2, 1),
(3124, 'Ruben', 'Vilar', 'Benavent', '1965-12-17', 'F', 'rubenvilar', 'Rollinter2022', 'rubenvilar@rollinter.net', 2, 1),
(3125, 'Mario', 'Gyori', 'Zanon', '1994-07-08', 'F', 'mariogyori', 'Rollinter2022', 'mariogyori@rollinter.net', 2, 1),
(3126, 'Alexis', 'Blanco', 'Zanon', '1956-11-05', 'F', 'alexisblanco', 'Rollinter2022', 'alexisblanco@rollinter.net', 2, 1),
(3127, 'Iris', 'Guerrero', 'Castello', '1945-06-11', 'M', 'irisguerrero', 'Rollinter2022', 'irisguerrero@rollinter.net', 2, 1),
(3128, 'Karim', 'Benito', 'Gyori', '1990-12-21', 'M', 'karimbenito', 'Rollinter2022', 'karimbenito@rollinter.net', 2, 1),
(3129, 'Raimon', 'Rosales', 'Bañuls', '1929-05-17', 'M', 'raimonrosales', 'Rollinter2022', 'raimonrosales@rollinter.net', 2, 1),
(3130, 'Carlos', 'Guerrero', 'Sanchis', '1954-08-03', 'F', 'carlosguerrero', 'Rollinter2022', 'carlosguerrero@rollinter.net', 2, 117),
(3131, 'Alvaro', 'Perez', 'Gyori', '1958-06-24', 'M', 'alvaroperez', 'Rollinter2022', 'alvaroperez@rollinter.net', 2, 1),
(3132, 'Cristina', 'Lazaro', 'Torres', '1947-10-28', 'M', 'cristinalazaro', 'Rollinter2022', 'cristinalazaro@rollinter.net', 2, 1),
(3133, 'Alexis', 'Perez', 'Zanon', '1976-03-26', 'F', 'alexisperez', 'Rollinter2022', 'alexisperez@rollinter.net', 2, 1),
(3134, 'Lucas Ezequiel', 'Perez', 'Hurtado', '1942-05-19', 'M', 'lucasezequielperez', 'Rollinter2022', 'lucasezequielperez@rollinter.net', 2, 1),
(3135, 'Elliot', 'Boriko', 'Zanon', '1975-03-14', 'F', 'elliotboriko', 'Rollinter2022', 'elliotboriko@rollinter.net', 2, 1),
(3136, 'Jose Maria', 'Perez', 'Ríos', '1970-05-11', 'F', 'josemariaperez', 'Rollinter2022', 'josemariaperez@rollinter.net', 2, 1),
(3137, 'Raimon', 'Vilar', 'Blayimir', '1983-05-09', 'F', 'raimonvilar', 'Rollinter2022', 'raimonvilar@rollinter.net', 2, 1),
(3138, 'Elliot', 'Soler', 'Ríos', '1988-05-06', 'F', 'elliotsoler', 'Rollinter2022', 'elliotsoler@rollinter.net', 2, 1),
(3139, 'Mario', 'Perez', 'Torres', '1930-01-22', 'F', 'marioperez', 'Rollinter2022', 'marioperez@rollinter.net', 2, 207),
(3140, 'Luis Fernando', 'Perez', 'Gyori', '1992-10-02', 'F', 'luisfernandoperez', 'Rollinter2022', 'luisfernandoperez@rollinter.net', 2, 1),
(3141, 'Iris', 'Suay', 'Patricio', '1954-04-26', 'M', 'irissuay', 'Rollinter2022', 'irissuay@rollinter.net', 2, 120),
(3142, 'Alexis', 'Rodríguez', 'Torres', '1960-11-13', 'M', 'alexisrodríguez', 'Rollinter2022', 'alexisrodríguez@rollinter.net', 2, 1),
(3143, 'Karim', 'Soler', 'Castello', '2005-10-12', 'F', 'karimsoler', 'Rollinter2022', 'karimsoler@rollinter.net', 2, 1),
(3144, 'Kevin', 'Soler', 'Gyori', '1942-02-26', 'F', 'kevinsoler', 'Rollinter2022', 'kevinsoler@rollinter.net', 2, 1),
(3145, 'Lucas Ezequiel', 'Benito', 'Mourad', '1928-04-23', 'M', 'lucasezequielbenito', 'Rollinter2022', 'lucasezequielbenito@rollinter.net', 2, 1),
(3146, 'Raimon', 'Blanco', 'Romance', '1928-03-14', 'F', 'raimonblanco', 'Rollinter2022', 'raimonblanco@rollinter.net', 2, 1),
(3147, 'Mario', 'Boriko', 'Benavent', '1953-04-26', 'M', 'marioboriko', 'Rollinter2022', 'marioboriko@rollinter.net', 2, 1),
(3148, 'Cristina', 'Rezgaoui', 'Benavent', '1944-09-27', 'M', 'cristinarezgaoui', 'Rollinter2022', 'cristinarezgaoui@rollinter.net', 2, 152),
(3149, 'Cristina', 'Rosales', 'Pascual', '1973-04-16', 'M', 'cristinarosales', 'Rollinter2022', 'cristinarosales@rollinter.net', 2, 1),
(3150, 'Elliot', 'Perez', 'Mourad', '1961-03-08', 'F', 'elliotperez', 'Rollinter2022', 'elliotperez@rollinter.net', 2, 150),
(3151, 'Estefania', 'Vilar', 'Castello', '1925-08-12', 'F', 'estefaniavilar', 'Rollinter2022', 'estefaniavilar@rollinter.net', 2, 1),
(3152, 'Alvaro', 'Gyori', 'Laenos', '2006-07-24', 'M', 'alvarogyori', 'Rollinter2022', 'alvarogyori@rollinter.net', 2, 1),
(3153, 'Estefania', 'Perez', 'Mourad', '1938-02-28', 'M', 'estefaniaperez', 'Rollinter2022', 'estefaniaperez@rollinter.net', 2, 1),
(3154, 'Ruben', 'Talaya', 'Romance', '1964-01-08', 'M', 'rubentalaya', 'Rollinter2022', 'rubentalaya@rollinter.net', 2, 1),
(3155, 'Alexis', 'Benito', 'Pascual', '1992-06-06', 'F', 'alexisbenito', 'Rollinter2022', 'alexisbenito@rollinter.net', 2, 1),
(3156, 'Nerea', 'Carrascosa', 'Ríos', '1979-04-17', 'M', 'nereacarrascosa', 'Rollinter2022', 'nereacarrascosa@rollinter.net', 2, 1),
(3157, 'Cristina', 'Perez', 'Hurtado', '1957-05-03', 'M', 'cristinaperez', 'Rollinter2022', 'cristinaperez@rollinter.net', 2, 1),
(3158, 'Raimon', 'Carrascosa', 'Laenos', '1966-11-28', 'F', 'raimoncarrascosa', 'Rollinter2022', 'raimoncarrascosa@rollinter.net', 2, 182),
(3159, 'Raimon', 'Boriko', 'Laenos', '1966-05-27', 'F', 'raimonboriko', 'Rollinter2022', 'raimonboriko@rollinter.net', 2, 1),
(3160, 'Karim', 'Blanco', 'Patricio', '1986-08-20', 'F', 'karimblanco', 'Rollinter2022', 'karimblanco@rollinter.net', 2, 1),
(3161, 'Mario', 'Blanco', 'Benavent', '1928-07-07', 'M', 'marioblanco', 'Rollinter2022', 'marioblanco@rollinter.net', 2, 1),
(3162, 'Luis Fernando', 'Lazaro', 'Luz', '1968-02-02', 'F', 'luisfernandolazaro', 'Rollinter2022', 'luisfernandolazaro@rollinter.net', 2, 1),
(3163, 'Iris', 'Benito', 'Blayimir', '2007-10-08', 'F', 'irisbenito', 'Rollinter2022', 'irisbenito@rollinter.net', 2, 156),
(3164, 'Cristina', 'Blanco', 'Pascual', '1923-06-07', 'F', 'cristinablanco', 'Rollinter2022', 'cristinablanco@rollinter.net', 2, 206),
(3165, 'Nerea', 'Carrascosa', 'Pascual', '1938-04-03', 'M', 'nereacarrascosa', 'Rollinter2022', 'nereacarrascosa@rollinter.net', 2, 1),
(3166, 'Jose Maria', 'Carrascosa', 'Torres', '1996-08-11', 'F', 'josemariacarrascosa', 'Rollinter2022', 'josemariacarrascosa@rollinter.net', 2, 1),
(3167, 'Iris', 'Rezgaoui', 'Benavent', '1999-04-06', 'F', 'irisrezgaoui', 'Rollinter2022', 'irisrezgaoui@rollinter.net', 2, 1),
(3168, 'Mario', 'Boriko', 'Torres', '1944-04-18', 'F', 'marioboriko', 'Rollinter2022', 'marioboriko@rollinter.net', 2, 1),
(3169, 'Karim', 'Suay', 'Bañuls', '1973-07-09', 'F', 'karimsuay', 'Rollinter2022', 'karimsuay@rollinter.net', 2, 1),
(3170, 'Alvaro', 'Soler', 'Benavent', '1985-12-18', 'F', 'alvarosoler', 'Rollinter2022', 'alvarosoler@rollinter.net', 2, 1),
(3171, 'Alvaro', 'Vilar', 'Zanon', '1944-10-03', 'F', 'alvarovilar', 'Rollinter2022', 'alvarovilar@rollinter.net', 2, 1),
(3172, 'Lucas Ezequiel', 'Suay', 'Fernández', '1997-09-30', 'F', 'lucasezequielsuay', 'Rollinter2022', 'lucasezequielsuay@rollinter.net', 2, 1),
(3173, 'Luis Fernando', 'Gyori', 'Torres', '1932-03-15', 'F', 'luisfernandogyori', 'Rollinter2022', 'luisfernandogyori@rollinter.net', 2, 1),
(3174, 'Estefania', 'Perez', 'Morera', '1996-01-05', 'M', 'estefaniaperez', 'Rollinter2022', 'estefaniaperez@rollinter.net', 2, 1),
(3175, 'Mario', 'Lazaro', 'Castello', '2002-12-22', 'F', 'mariolazaro', 'Rollinter2022', 'mariolazaro@rollinter.net', 2, 1),
(3176, 'Raimon', 'Perez', 'Mourad', '1977-01-01', 'M', 'raimonperez', 'Rollinter2022', 'raimonperez@rollinter.net', 2, 1),
(3177, 'Jose Maria', 'Rezgaoui', 'Mourad', '1947-09-19', 'M', 'josemariarezgaoui', 'Rollinter2022', 'josemariarezgaoui@rollinter.net', 2, 1),
(3178, 'Luis Fernando', 'Perez', 'Morera', '1929-01-28', 'F', 'luisfernandoperez', 'Rollinter2022', 'luisfernandoperez@rollinter.net', 2, 1),
(3179, 'Lucas Ezequiel', 'Guerrero', 'Morera', '1954-09-28', 'F', 'lucasezequielguerrero', 'Rollinter2022', 'lucasezequielguerrero@rollinter.net', 2, 1),
(3180, 'Raimon', 'Rosales', 'Zanon', '1942-03-23', 'F', 'raimonrosales', 'Rollinter2022', 'raimonrosales@rollinter.net', 2, 1),
(3181, 'Lucas Ezequiel', 'Vilar', 'Hurtado', '1932-09-20', 'M', 'lucasezequielvilar', 'Rollinter2022', 'lucasezequielvilar@rollinter.net', 2, 1),
(3182, 'Karim', 'Carrascosa', 'Zanon', '1951-09-14', 'F', 'karimcarrascosa', 'Rollinter2022', 'karimcarrascosa@rollinter.net', 2, 1),
(3183, 'Raimon', 'Lazaro', 'Fernández', '1950-07-14', 'M', 'raimonlazaro', 'Rollinter2022', 'raimonlazaro@rollinter.net', 2, 1),
(3184, 'Jose Maria', 'Perez', 'Gyori', '1999-01-06', 'M', 'josemariaperez', 'Rollinter2022', 'josemariaperez@rollinter.net', 2, 1),
(3185, 'Ximo', 'Blanco', 'Benavent', '1972-06-16', 'M', 'ximoblanco', 'Rollinter2022', 'ximoblanco@rollinter.net', 2, 1),
(3186, 'Nerea', 'Perez', 'Romance', '1957-07-11', 'M', 'nereaperez', 'Rollinter2022', 'nereaperez@rollinter.net', 2, 1),
(3187, 'Mario', 'Perez', 'Castello', '1969-06-25', 'M', 'marioperez', 'Rollinter2022', 'marioperez@rollinter.net', 2, 1),
(3188, 'Iris', 'Boriko', 'Sanchez', '1960-12-08', 'F', 'irisboriko', 'Rollinter2022', 'irisboriko@rollinter.net', 2, 1),
(3189, 'Elliot', 'Lazaro', 'Sanchis', '1969-02-12', 'F', 'elliotlazaro', 'Rollinter2022', 'elliotlazaro@rollinter.net', 2, 1),
(3190, 'Jose David', 'Gyori', 'Castello', '1991-07-20', 'M', 'josedavidgyori', 'Rollinter2022', 'josedavidgyori@rollinter.net', 2, 1),
(3191, 'Ainhoa', 'Rosales', 'Zanon', '1985-02-16', 'F', 'ainhoarosales', 'Rollinter2022', 'ainhoarosales@rollinter.net', 2, 1),
(3192, 'Estefania', 'Talaya', 'Luz', '1967-12-28', 'M', 'estefaniatalaya', 'Rollinter2022', 'estefaniatalaya@rollinter.net', 2, 1),
(3193, 'Lucas Ezequiel', 'Benito', 'Fernández', '1926-12-03', 'F', 'lucasezequielbenito', 'Rollinter2022', 'lucasezequielbenito@rollinter.net', 2, 1),
(3194, 'Lucas Ezequiel', 'Carrascosa', 'Sanchis', '1994-11-08', 'M', 'lucasezequielcarrascosa', 'Rollinter2022', 'lucasezequielcarrascosa@rollinter.net', 2, 1),
(3195, 'Ainhoa', 'Perez', 'Sanchez', '1953-02-18', 'M', 'ainhoaperez', 'Rollinter2022', 'ainhoaperez@rollinter.net', 2, 1),
(3196, 'Cristina', 'Perez', 'Sanchis', '1999-01-01', 'F', 'cristinaperez', 'Rollinter2022', 'cristinaperez@rollinter.net', 2, 1),
(3197, 'Jose Maria', 'Soler', 'Pascual', '1985-04-15', 'F', 'josemariasoler', 'Rollinter2022', 'josemariasoler@rollinter.net', 2, 1),
(3198, 'Karim', 'Boriko', 'Patricio', '1958-02-25', 'F', 'karimboriko', 'Rollinter2022', 'karimboriko@rollinter.net', 2, 1),
(3199, 'Jose David', 'Soler', 'Luz', '1965-06-21', 'F', 'josedavidsoler', 'Rollinter2022', 'josedavidsoler@rollinter.net', 2, 1),
(3200, 'Jose David', 'Luque', 'Benavent', '1981-03-07', 'M', 'josedavidluque', 'Rollinter2022', 'josedavidluque@rollinter.net', 2, 1),
(3201, 'Luis Fernando', 'Luque', 'Gyori', '1943-12-14', 'F', 'luisfernandoluque', 'Rollinter2022', 'luisfernandoluque@rollinter.net', 2, 1),
(3202, 'Cristina', 'Boriko', 'Pascual', '1953-10-24', 'F', 'cristinaboriko', 'Rollinter2022', 'cristinaboriko@rollinter.net', 2, 148),
(3203, 'Alexis', 'Suay', 'Ríos', '1988-08-21', 'M', 'alexissuay', 'Rollinter2022', 'alexissuay@rollinter.net', 2, 1),
(3204, 'Mario', 'Perez', 'Zanon', '1996-01-05', 'M', 'marioperez', 'Rollinter2022', 'marioperez@rollinter.net', 2, 1),
(3205, 'Luis Fernando', 'Benito', 'Luz', '1933-06-27', 'M', 'luisfernandobenito', 'Rollinter2022', 'luisfernandobenito@rollinter.net', 2, 1),
(3206, 'Luis', 'Soler', 'Blayimir', '2008-03-24', 'F', 'luissoler', 'Rollinter2022', 'luissoler@rollinter.net', 2, 1),
(3207, 'Nerea', 'Perez', 'Romance', '2004-09-07', 'M', 'nereaperez', 'Rollinter2022', 'nereaperez@rollinter.net', 2, 1),
(3208, 'Karim', 'Benito', 'Blayimir', '1927-03-12', 'M', 'karimbenito', 'Rollinter2022', 'karimbenito@rollinter.net', 2, 153),
(3209, 'Iris', 'Tomas', 'Torres', '1943-11-07', 'M', 'iristomas', 'Rollinter2022', 'iristomas@rollinter.net', 2, 1),
(3210, 'Iris', 'Guerrero', 'Blayimir', '1938-03-17', 'M', 'irisguerrero', 'Rollinter2022', 'irisguerrero@rollinter.net', 2, 1),
(3211, 'Nerea', 'Suay', 'Zanon', '1935-05-11', 'M', 'nereasuay', 'Rollinter2022', 'nereasuay@rollinter.net', 2, 1),
(3212, 'Carlos', 'Rosales', 'Bañuls', '1931-08-15', 'F', 'carlosrosales', 'Rollinter2022', 'carlosrosales@rollinter.net', 2, 1),
(3213, 'Ruben', 'Tomas', 'Castello', '1938-03-26', 'M', 'rubentomas', 'Rollinter2022', 'rubentomas@rollinter.net', 2, 1),
(3214, 'Cristina', 'Suay', 'Luz', '1959-09-13', 'M', 'cristinasuay', 'Rollinter2022', 'cristinasuay@rollinter.net', 2, 1),
(3215, 'Raimon', 'Vilar', 'Blayimir', '1941-09-24', 'M', 'raimonvilar', 'Rollinter2022', 'raimonvilar@rollinter.net', 2, 1),
(3216, 'Alvaro', 'Gyori', 'Benavent', '1959-09-08', 'F', 'alvarogyori', 'Rollinter2022', 'alvarogyori@rollinter.net', 2, 1),
(3217, 'Kevin', 'Blanco', 'Romance', '1950-07-15', 'M', 'kevinblanco', 'Rollinter2022', 'kevinblanco@rollinter.net', 2, 1),
(3218, 'Luis Fernando', 'Talaya', 'Benavent', '1979-08-28', 'F', 'luisfernandotalaya', 'Rollinter2022', 'luisfernandotalaya@rollinter.net', 2, 1),
(3219, 'Karim', 'Rodríguez', 'Hurtado', '1980-05-27', 'M', 'karimrodríguez', 'Rollinter2022', 'karimrodríguez@rollinter.net', 2, 181),
(3220, 'Jose Maria', 'Gyori', 'Morera', '1957-01-08', 'M', 'josemariagyori', 'Rollinter2022', 'josemariagyori@rollinter.net', 2, 1),
(3221, 'Ainhoa', 'Tomas', 'Benavent', '1925-11-15', 'F', 'ainhoatomas', 'Rollinter2022', 'ainhoatomas@rollinter.net', 2, 1),
(3222, 'Jose David', 'Soler', 'Hurtado', '1967-07-04', 'M', 'josedavidsoler', 'Rollinter2022', 'josedavidsoler@rollinter.net', 2, 184),
(3223, 'Luis', 'Luque', 'Zanon', '1963-10-15', 'F', 'luisluque', 'Rollinter2022', 'luisluque@rollinter.net', 2, 1),
(3224, 'Jose David', 'Rodríguez', 'Patricio', '2003-11-05', 'M', 'josedavidrodríguez', 'Rollinter2022', 'josedavidrodríguez@rollinter.net', 2, 1),
(3225, 'Iris', 'Perez', 'Laenos', '1948-02-29', 'M', 'irisperez', 'Rollinter2022', 'irisperez@rollinter.net', 2, 1),
(3226, 'Kevin', 'Rodríguez', 'Morera', '1990-02-05', 'M', 'kevinrodríguez', 'Rollinter2022', 'kevinrodríguez@rollinter.net', 2, 1),
(3227, 'Ximo', 'Blanco', 'Benavent', '2001-05-14', 'M', 'ximoblanco', 'Rollinter2022', 'ximoblanco@rollinter.net', 2, 1),
(3228, 'Mario', 'Boriko', 'Bañuls', '1936-05-01', 'F', 'marioboriko', 'Rollinter2022', 'marioboriko@rollinter.net', 2, 1),
(3229, 'Elliot', 'Vilar', 'Gyori', '1979-08-20', 'F', 'elliotvilar', 'Rollinter2022', 'elliotvilar@rollinter.net', 2, 1),
(3230, 'Ximo', 'Gyori', 'Sanchis', '1954-10-12', 'F', 'ximogyori', 'Rollinter2022', 'ximogyori@rollinter.net', 2, 157),
(3231, 'Luis Fernando', 'Gyori', 'Hurtado', '1937-05-30', 'M', 'luisfernandogyori', 'Rollinter2022', 'luisfernandogyori@rollinter.net', 2, 1),
(3232, 'Alexis', 'Tomas', 'Gyori', '1923-05-13', 'F', 'alexistomas', 'Rollinter2022', 'alexistomas@rollinter.net', 2, 1),
(3233, 'Elliot', 'Perez', 'Ríos', '1990-12-05', 'F', 'elliotperez', 'Rollinter2022', 'elliotperez@rollinter.net', 2, 147),
(3234, 'Raimon', 'Talaya', 'Fernández', '1992-01-22', 'F', 'raimontalaya', 'Rollinter2022', 'raimontalaya@rollinter.net', 2, 1),
(3235, 'Nerea', 'Rosales', 'Morera', '1951-10-09', 'M', 'nerearosales', 'Rollinter2022', 'nerearosales@rollinter.net', 2, 1),
(3236, 'Jose Maria', 'Rodríguez', 'Fernández', '1990-07-17', 'F', 'josemariarodríguez', 'Rollinter2022', 'josemariarodríguez@rollinter.net', 2, 1),
(3237, 'Jose Maria', 'Lazaro', 'Laenos', '1962-10-29', 'M', 'josemarialazaro', 'Rollinter2022', 'josemarialazaro@rollinter.net', 2, 1),
(3238, 'Nerea', 'Benito', 'Luz', '1939-08-16', 'M', 'nereabenito', 'Rollinter2022', 'nereabenito@rollinter.net', 2, 1),
(3239, 'Karim', 'Rezgaoui', 'Laenos', '1980-08-29', 'M', 'karimrezgaoui', 'Rollinter2022', 'karimrezgaoui@rollinter.net', 2, 1),
(3240, 'Nerea', 'Vilar', 'Castello', '2008-08-24', 'M', 'nereavilar', 'Rollinter2022', 'nereavilar@rollinter.net', 2, 1),
(3241, 'Iris', 'Benito', 'Blayimir', '1974-06-30', 'F', 'irisbenito', 'Rollinter2022', 'irisbenito@rollinter.net', 2, 1),
(3242, 'Luis', 'Talaya', 'Mourad', '1995-12-12', 'M', 'luistalaya', 'Rollinter2022', 'luistalaya@rollinter.net', 2, 1),
(3243, 'Alvaro', 'Soler', 'Blayimir', '1948-04-13', 'F', 'alvarosoler', 'Rollinter2022', 'alvarosoler@rollinter.net', 2, 1),
(3244, 'Nerea', 'Vilar', 'Ríos', '1994-04-05', 'M', 'nereavilar', 'Rollinter2022', 'nereavilar@rollinter.net', 2, 1),
(3245, 'Estefania', 'Blanco', 'Gyori', '1969-06-28', 'F', 'estefaniablanco', 'Rollinter2022', 'estefaniablanco@rollinter.net', 2, 1),
(3246, 'Estefania', 'Guerrero', 'Gyori', '1969-07-12', 'M', 'estefaniaguerrero', 'Rollinter2022', 'estefaniaguerrero@rollinter.net', 2, 1),
(3247, 'Nerea', 'Soler', 'Patricio', '1976-02-09', 'M', 'nereasoler', 'Rollinter2022', 'nereasoler@rollinter.net', 2, 1),
(3248, 'Ximo', 'Benito', 'Castello', '1987-08-02', 'F', 'ximobenito', 'Rollinter2022', 'ximobenito@rollinter.net', 2, 1),
(3249, 'Ruben', 'Luque', 'Zanon', '1970-05-08', 'F', 'rubenluque', 'Rollinter2022', 'rubenluque@rollinter.net', 2, 1),
(3250, 'Kevin', 'Perez', 'Benavent', '1955-02-21', 'M', 'kevinperez', 'Rollinter2022', 'kevinperez@rollinter.net', 2, 1),
(3251, 'Jose Maria', 'Soler', 'Fernández', '1999-09-02', 'M', 'josemariasoler', 'Rollinter2022', 'josemariasoler@rollinter.net', 2, 1),
(3252, 'Karim', 'Perez', 'Pascual', '1937-12-24', 'M', 'karimperez', 'Rollinter2022', 'karimperez@rollinter.net', 2, 1),
(3253, 'Raimon', 'Talaya', 'Zanon', '1976-07-27', 'F', 'raimontalaya', 'Rollinter2022', 'raimontalaya@rollinter.net', 2, 1),
(3254, 'Iris', 'Benito', 'Benavent', '1932-10-23', 'M', 'irisbenito', 'Rollinter2022', 'irisbenito@rollinter.net', 2, 1),
(3255, 'Raimon', 'Lazaro', 'Benavent', '1948-06-09', 'F', 'raimonlazaro', 'Rollinter2022', 'raimonlazaro@rollinter.net', 2, 1),
(3256, 'Iris', 'Boriko', 'Castello', '1985-12-08', 'M', 'irisboriko', 'Rollinter2022', 'irisboriko@rollinter.net', 2, 1),
(3257, 'Karim', 'Perez', 'Romance', '2006-06-15', 'F', 'karimperez', 'Rollinter2022', 'karimperez@rollinter.net', 2, 1),
(3258, 'Mario', 'Luque', 'Fernández', '2000-02-11', 'F', 'marioluque', 'Rollinter2022', 'marioluque@rollinter.net', 2, 1),
(3259, 'Estefania', 'Lazaro', 'Blayimir', '1967-06-06', 'F', 'estefanialazaro', 'Rollinter2022', 'estefanialazaro@rollinter.net', 2, 1),
(3260, 'Alvaro', 'Talaya', 'Fernández', '1992-09-23', 'M', 'alvarotalaya', 'Rollinter2022', 'alvarotalaya@rollinter.net', 2, 1),
(3261, 'Jose David', 'Vilar', 'Bañuls', '1989-01-01', 'F', 'josedavidvilar', 'Rollinter2022', 'josedavidvilar@rollinter.net', 2, 1),
(3262, 'Karim', 'Talaya', 'Sanchis', '2000-01-20', 'M', 'karimtalaya', 'Rollinter2022', 'karimtalaya@rollinter.net', 2, 163),
(3263, 'Karim', 'Lazaro', 'Ríos', '1942-02-01', 'M', 'karimlazaro', 'Rollinter2022', 'karimlazaro@rollinter.net', 2, 1),
(3264, 'Jose David', 'Luque', 'Zanon', '1925-08-30', 'M', 'josedavidluque', 'Rollinter2022', 'josedavidluque@rollinter.net', 2, 1),
(3265, 'Lucas Ezequiel', 'Guerrero', 'Castello', '2005-07-05', 'M', 'lucasezequielguerrero', 'Rollinter2022', 'lucasezequielguerrero@rollinter.net', 2, 1),
(3266, 'Alvaro', 'Rosales', 'Gyori', '1962-07-26', 'M', 'alvarorosales', 'Rollinter2022', 'alvarorosales@rollinter.net', 2, 1),
(3267, 'Cristina', 'Tomas', 'Patricio', '1992-09-13', 'M', 'cristinatomas', 'Rollinter2022', 'cristinatomas@rollinter.net', 2, 1),
(3268, 'Estefania', 'Guerrero', 'Patricio', '1971-11-10', 'F', 'estefaniaguerrero', 'Rollinter2022', 'estefaniaguerrero@rollinter.net', 2, 1),
(3269, 'Iris', 'Blanco', 'Fernández', '1931-08-02', 'F', 'irisblanco', 'Rollinter2022', 'irisblanco@rollinter.net', 2, 1),
(3270, 'Jose Maria', 'Benito', 'Bañuls', '1997-05-13', 'M', 'josemariabenito', 'Rollinter2022', 'josemariabenito@rollinter.net', 2, 1),
(3271, 'Kevin', 'Boriko', 'Fernández', '1968-11-07', 'F', 'kevinboriko', 'Rollinter2022', 'kevinboriko@rollinter.net', 2, 1),
(3272, 'Kevin', 'Lazaro', 'Torres', '2001-12-26', 'F', 'kevinlazaro', 'Rollinter2022', 'kevinlazaro@rollinter.net', 2, 1),
(3273, 'Jose David', 'Soler', 'Sanchis', '2007-11-05', 'M', 'josedavidsoler', 'Rollinter2022', 'josedavidsoler@rollinter.net', 2, 1),
(3274, 'Luis Fernando', 'Lazaro', 'Benavent', '1992-09-22', 'M', 'luisfernandolazaro', 'Rollinter2022', 'luisfernandolazaro@rollinter.net', 2, 1),
(3275, 'Jose Maria', 'Rodríguez', 'Laenos', '1972-01-30', 'M', 'josemariarodríguez', 'Rollinter2022', 'josemariarodríguez@rollinter.net', 2, 1),
(3276, 'Nerea', 'Perez', 'Ríos', '1985-09-22', 'F', 'nereaperez', 'Rollinter2022', 'nereaperez@rollinter.net', 2, 1),
(3277, 'Ruben', 'Talaya', 'Pascual', '1986-12-27', 'F', 'rubentalaya', 'Rollinter2022', 'rubentalaya@rollinter.net', 2, 1),
(3278, 'Karim', 'Soler', 'Hurtado', '1994-06-29', 'M', 'karimsoler', 'Rollinter2022', 'karimsoler@rollinter.net', 2, 1),
(3279, 'Elliot', 'Benito', 'Mourad', '1934-08-02', 'M', 'elliotbenito', 'Rollinter2022', 'elliotbenito@rollinter.net', 2, 1),
(3280, 'Cristina', 'Soler', 'Ríos', '2005-05-05', 'M', 'cristinasoler', 'Rollinter2022', 'cristinasoler@rollinter.net', 2, 1),
(3281, 'Carlos', 'Soler', 'Benavent', '1941-04-28', 'M', 'carlossoler', 'Rollinter2022', 'carlossoler@rollinter.net', 2, 1),
(3282, 'Lucas Ezequiel', 'Suay', 'Morera', '2008-06-01', 'F', 'lucasezequielsuay', 'Rollinter2022', 'lucasezequielsuay@rollinter.net', 2, 1),
(3283, 'Iris', 'Suay', 'Ríos', '1924-10-27', 'F', 'irissuay', 'Rollinter2022', 'irissuay@rollinter.net', 2, 1),
(3284, 'Raimon', 'Luque', 'Benavent', '1943-05-20', 'M', 'raimonluque', 'Rollinter2022', 'raimonluque@rollinter.net', 2, 1),
(3285, 'Ainhoa', 'Luque', 'Fernández', '1973-10-13', 'F', 'ainhoaluque', 'Rollinter2022', 'ainhoaluque@rollinter.net', 2, 1),
(3286, 'Iris', 'Perez', 'Sanchis', '1949-10-02', 'M', 'irisperez', 'Rollinter2022', 'irisperez@rollinter.net', 2, 125),
(3287, 'Luis Fernando', 'Talaya', 'Patricio', '1986-11-15', 'F', 'luisfernandotalaya', 'Rollinter2022', 'luisfernandotalaya@rollinter.net', 2, 1),
(3288, 'Luis', 'Perez', 'Luz', '1997-12-25', 'M', 'luisperez', 'Rollinter2022', 'luisperez@rollinter.net', 2, 1),
(3289, 'Ainhoa', 'Talaya', 'Patricio', '2002-06-30', 'F', 'ainhoatalaya', 'Rollinter2022', 'ainhoatalaya@rollinter.net', 2, 162),
(3290, 'Alexis', 'Rosales', 'Pascual', '1977-07-27', 'M', 'alexisrosales', 'Rollinter2022', 'alexisrosales@rollinter.net', 2, 1),
(3291, 'Karim', 'Rezgaoui', 'Blayimir', '2005-09-23', 'F', 'karimrezgaoui', 'Rollinter2022', 'karimrezgaoui@rollinter.net', 2, 1),
(3292, 'Nerea', 'Guerrero', 'Luz', '1940-03-30', 'F', 'nereaguerrero', 'Rollinter2022', 'nereaguerrero@rollinter.net', 2, 1),
(3293, 'Estefania', 'Soler', 'Luz', '1982-04-19', 'M', 'estefaniasoler', 'Rollinter2022', 'estefaniasoler@rollinter.net', 2, 1),
(3294, 'Elliot', 'Tomas', 'Luz', '1972-11-29', 'F', 'elliottomas', 'Rollinter2022', 'elliottomas@rollinter.net', 2, 1),
(3295, 'Ruben', 'Soler', 'Patricio', '1943-11-01', 'M', 'rubensoler', 'Rollinter2022', 'rubensoler@rollinter.net', 2, 1),
(3296, 'Elliot', 'Rosales', 'Romance', '1991-09-26', 'M', 'elliotrosales', 'Rollinter2022', 'elliotrosales@rollinter.net', 2, 1),
(3297, 'Jose David', 'Soler', 'Morera', '1947-05-07', 'M', 'josedavidsoler', 'Rollinter2022', 'josedavidsoler@rollinter.net', 2, 1),
(3298, 'Nerea', 'Tomas', 'Sanchis', '1977-06-29', 'F', 'nereatomas', 'Rollinter2022', 'nereatomas@rollinter.net', 2, 1),
(3299, 'Elliot', 'Perez', 'Benavent', '1999-12-30', 'M', 'elliotperez', 'Rollinter2022', 'elliotperez@rollinter.net', 2, 1),
(3300, 'Kevin', 'Rezgaoui', 'Sanchis', '1961-03-18', 'M', 'kevinrezgaoui', 'Rollinter2022', 'kevinrezgaoui@rollinter.net', 2, 1),
(3301, 'Elliot', 'Tomas', 'Pascual', '1945-08-09', 'M', 'elliottomas', 'Rollinter2022', 'elliottomas@rollinter.net', 2, 1),
(3302, 'Jose David', 'Guerrero', 'Blayimir', '2004-06-22', 'F', 'josedavidguerrero', 'Rollinter2022', 'josedavidguerrero@rollinter.net', 2, 1),
(3303, 'Carlos', 'Soler', 'Patricio', '1958-11-01', 'M', 'carlossoler', 'Rollinter2022', 'carlossoler@rollinter.net', 2, 1),
(3304, 'Mario', 'Perez', 'Romance', '1999-07-23', 'M', 'marioperez', 'Rollinter2022', 'marioperez@rollinter.net', 2, 1),
(3305, 'Iris', 'Soler', 'Bañuls', '1991-06-09', 'M', 'irissoler', 'Rollinter2022', 'irissoler@rollinter.net', 2, 1),
(3306, 'Ainhoa', 'Guerrero', 'Sanchis', '1938-08-07', 'F', 'ainhoaguerrero', 'Rollinter2022', 'ainhoaguerrero@rollinter.net', 2, 1),
(3307, 'Jose Maria', 'Talaya', 'Blayimir', '1956-05-17', 'M', 'josemariatalaya', 'Rollinter2022', 'josemariatalaya@rollinter.net', 2, 1),
(3308, 'Cristina', 'Perez', 'Romance', '1955-08-12', 'F', 'cristinaperez', 'Rollinter2022', 'cristinaperez@rollinter.net', 2, 1),
(3309, 'Estefania', 'Boriko', 'Zanon', '1929-11-12', 'M', 'estefaniaboriko', 'Rollinter2022', 'estefaniaboriko@rollinter.net', 2, 1),
(3310, 'Ximo', 'Rezgaoui', 'Gyori', '1998-07-13', 'M', 'ximorezgaoui', 'Rollinter2022', 'ximorezgaoui@rollinter.net', 2, 1),
(3311, 'Ainhoa', 'Boriko', 'Ríos', '1975-04-06', 'F', 'ainhoaboriko', 'Rollinter2022', 'ainhoaboriko@rollinter.net', 2, 1),
(3312, 'Kevin', 'Rosales', 'Luz', '1998-12-25', 'F', 'kevinrosales', 'Rollinter2022', 'kevinrosales@rollinter.net', 2, 1),
(3313, 'Carlos', 'Rodríguez', 'Patricio', '1968-04-29', 'F', 'carlosrodríguez', 'Rollinter2022', 'carlosrodríguez@rollinter.net', 2, 1),
(3314, 'Ruben', 'Carrascosa', 'Benavent', '1927-08-07', 'F', 'rubencarrascosa', 'Rollinter2022', 'rubencarrascosa@rollinter.net', 2, 1),
(3315, 'Kevin', 'Perez', 'Zanon', '1968-07-27', 'M', 'kevinperez', 'Rollinter2022', 'kevinperez@rollinter.net', 2, 1),
(3316, 'Jose Maria', 'Blanco', 'Laenos', '1951-01-21', 'M', 'josemariablanco', 'Rollinter2022', 'josemariablanco@rollinter.net', 2, 1),
(3317, 'Nerea', 'Perez', 'Hurtado', '1955-03-08', 'M', 'nereaperez', 'Rollinter2022', 'nereaperez@rollinter.net', 2, 1),
(3318, 'Jose David', 'Perez', 'Laenos', '1990-12-04', 'M', 'josedavidperez', 'Rollinter2022', 'josedavidperez@rollinter.net', 2, 1),
(3319, 'Carlos', 'Perez', 'Bañuls', '1941-06-26', 'M', 'carlosperez', 'Rollinter2022', 'carlosperez@rollinter.net', 2, 1),
(3320, 'Kevin', 'Soler', 'Romance', '1940-06-15', 'M', 'kevinsoler', 'Rollinter2022', 'kevinsoler@rollinter.net', 2, 1),
(3321, 'Carlos', 'Vilar', 'Blayimir', '2004-04-25', 'M', 'carlosvilar', 'Rollinter2022', 'carlosvilar@rollinter.net', 2, 202),
(3322, 'Alvaro', 'Luque', 'Laenos', '2005-07-23', 'F', 'alvaroluque', 'Rollinter2022', 'alvaroluque@rollinter.net', 2, 1),
(3323, 'Iris', 'Vilar', 'Sanchez', '1985-07-16', 'F', 'irisvilar', 'Rollinter2022', 'irisvilar@rollinter.net', 2, 165),
(3324, 'Nerea', 'Soler', 'Benavent', '1989-10-08', 'F', 'nereasoler', 'Rollinter2022', 'nereasoler@rollinter.net', 2, 133),
(3325, 'Estefania', 'Boriko', 'Morera', '1944-10-23', 'F', 'estefaniaboriko', 'Rollinter2022', 'estefaniaboriko@rollinter.net', 2, 1),
(3326, 'Lucas Ezequiel', 'Boriko', 'Luz', '1947-01-03', 'M', 'lucasezequielboriko', 'Rollinter2022', 'lucasezequielboriko@rollinter.net', 2, 1),
(3327, 'Cristina', 'Tomas', 'Luz', '1957-11-20', 'F', 'cristinatomas', 'Rollinter2022', 'cristinatomas@rollinter.net', 2, 213),
(3328, 'Carlos', 'Carrascosa', 'Gyori', '1932-09-19', 'F', 'carloscarrascosa', 'Rollinter2022', 'carloscarrascosa@rollinter.net', 2, 1),
(3329, 'Alexis', 'Carrascosa', 'Castello', '1945-08-12', 'F', 'alexiscarrascosa', 'Rollinter2022', 'alexiscarrascosa@rollinter.net', 2, 1),
(3330, 'Alvaro', 'Tomas', 'Zanon', '2000-07-26', 'M', 'alvarotomas', 'Rollinter2022', 'alvarotomas@rollinter.net', 2, 1),
(3331, 'Luis', 'Luque', 'Zanon', '1957-01-03', 'F', 'luisluque', 'Rollinter2022', 'luisluque@rollinter.net', 2, 1),
(3332, 'Elliot', 'Blanco', 'Luz', '1942-07-03', 'F', 'elliotblanco', 'Rollinter2022', 'elliotblanco@rollinter.net', 2, 1),
(3333, 'Luis', 'Luque', 'Blayimir', '2008-09-14', 'F', 'luisluque', 'Rollinter2022', 'luisluque@rollinter.net', 2, 127),
(3334, 'Jose Maria', 'Lazaro', 'Benavent', '1929-08-19', 'F', 'josemarialazaro', 'Rollinter2022', 'josemarialazaro@rollinter.net', 2, 1),
(3335, 'Alexis', 'Luque', 'Mourad', '1989-09-10', 'M', 'alexisluque', 'Rollinter2022', 'alexisluque@rollinter.net', 2, 1),
(3336, 'Luis', 'Soler', 'Sanchez', '1932-09-28', 'M', 'luissoler', 'Rollinter2022', 'luissoler@rollinter.net', 2, 1),
(3337, 'Estefania', 'Rosales', 'Torres', '1998-04-06', 'M', 'estefaniarosales', 'Rollinter2022', 'estefaniarosales@rollinter.net', 2, 1),
(3338, 'Alvaro', 'Soler', 'Fernández', '1987-01-16', 'F', 'alvarosoler', 'Rollinter2022', 'alvarosoler@rollinter.net', 2, 1),
(3339, 'Luis', 'Rodríguez', 'Sanchez', '1976-05-06', 'M', 'luisrodríguez', 'Rollinter2022', 'luisrodríguez@rollinter.net', 2, 166),
(3340, 'Luis Fernando', 'Perez', 'Sanchez', '1964-07-17', 'M', 'luisfernandoperez', 'Rollinter2022', 'luisfernandoperez@rollinter.net', 2, 1),
(3341, 'Karim', 'Guerrero', 'Sanchez', '1988-12-13', 'M', 'karimguerrero', 'Rollinter2022', 'karimguerrero@rollinter.net', 2, 1),
(3342, 'Lucas Ezequiel', 'Talaya', 'Castello', '1992-01-06', 'F', 'lucasezequieltalaya', 'Rollinter2022', 'lucasezequieltalaya@rollinter.net', 2, 1),
(3343, 'Estefania', 'Carrascosa', 'Benavent', '1949-10-05', 'F', 'estefaniacarrascosa', 'Rollinter2022', 'estefaniacarrascosa@rollinter.net', 2, 167),
(3344, 'Ruben', 'Gyori', 'Mourad', '1925-03-23', 'F', 'rubengyori', 'Rollinter2022', 'rubengyori@rollinter.net', 2, 1),
(3345, 'Ainhoa', 'Soler', 'Laenos', '1989-05-01', 'F', 'ainhoasoler', 'Rollinter2022', 'ainhoasoler@rollinter.net', 2, 1),
(3346, 'Mario', 'Boriko', 'Hurtado', '1988-05-07', 'M', 'marioboriko', 'Rollinter2022', 'marioboriko@rollinter.net', 2, 1),
(3347, 'Iris', 'Vilar', 'Zanon', '1932-08-21', 'F', 'irisvilar', 'Rollinter2022', 'irisvilar@rollinter.net', 2, 1),
(3348, 'Ximo', 'Luque', 'Mourad', '1923-06-02', 'M', 'ximoluque', 'Rollinter2022', 'ximoluque@rollinter.net', 2, 1),
(3349, 'Kevin', 'Benito', 'Luz', '1943-04-06', 'F', 'kevinbenito', 'Rollinter2022', 'kevinbenito@rollinter.net', 2, 1),
(3350, 'Ruben', 'Luque', 'Sanchis', '1930-11-18', 'F', 'rubenluque', 'Rollinter2022', 'rubenluque@rollinter.net', 2, 1),
(3351, 'Carlos', 'Vilar', 'Fernández', '1980-10-18', 'F', 'carlosvilar', 'Rollinter2022', 'carlosvilar@rollinter.net', 2, 1),
(3352, 'Jose Maria', 'Soler', 'Laenos', '1933-09-19', 'F', 'josemariasoler', 'Rollinter2022', 'josemariasoler@rollinter.net', 2, 1),
(3353, 'Carlos', 'Vilar', 'Gyori', '2006-01-06', 'F', 'carlosvilar', 'Rollinter2022', 'carlosvilar@rollinter.net', 2, 1),
(3354, 'Jose Maria', 'Talaya', 'Sanchez', '1982-01-18', 'M', 'josemariatalaya', 'Rollinter2022', 'josemariatalaya@rollinter.net', 2, 1),
(3355, 'Nerea', 'Rezgaoui', 'Hurtado', '1933-08-22', 'M', 'nerearezgaoui', 'Rollinter2022', 'nerearezgaoui@rollinter.net', 2, 1),
(3356, 'Karim', 'Lazaro', 'Fernández', '2005-06-18', 'M', 'karimlazaro', 'Rollinter2022', 'karimlazaro@rollinter.net', 2, 1),
(3357, 'Raimon', 'Perez', 'Patricio', '1931-09-14', 'F', 'raimonperez', 'Rollinter2022', 'raimonperez@rollinter.net', 2, 1),
(3358, 'Ximo', 'Rezgaoui', 'Hurtado', '1933-03-16', 'M', 'ximorezgaoui', 'Rollinter2022', 'ximorezgaoui@rollinter.net', 2, 1),
(3359, 'Luis', 'Perez', 'Sanchis', '1960-09-15', 'F', 'luisperez', 'Rollinter2022', 'luisperez@rollinter.net', 2, 1),
(3360, 'Luis', 'Lazaro', 'Sanchez', '2008-09-05', 'M', 'luislazaro', 'Rollinter2022', 'luislazaro@rollinter.net', 2, 1),
(3361, 'Jose David', 'Rodríguez', 'Benavent', '1926-05-31', 'F', 'josedavidrodríguez', 'Rollinter2022', 'josedavidrodríguez@rollinter.net', 2, 1),
(3362, 'Ainhoa', 'Guerrero', 'Bañuls', '1985-05-18', 'F', 'ainhoaguerrero', 'Rollinter2022', 'ainhoaguerrero@rollinter.net', 2, 1),
(3363, 'Jose Maria', 'Talaya', 'Sanchez', '1929-10-25', 'F', 'josemariatalaya', 'Rollinter2022', 'josemariatalaya@rollinter.net', 2, 1),
(3364, 'Raimon', 'Perez', 'Romance', '1962-04-12', 'M', 'raimonperez', 'Rollinter2022', 'raimonperez@rollinter.net', 2, 1),
(3365, 'Cristina', 'Carrascosa', 'Gyori', '2002-02-27', 'F', 'cristinacarrascosa', 'Rollinter2022', 'cristinacarrascosa@rollinter.net', 2, 1),
(3366, 'Iris', 'Soler', 'Torres', '1961-11-15', 'F', 'irissoler', 'Rollinter2022', 'irissoler@rollinter.net', 2, 1),
(3367, 'Jose David', 'Perez', 'Sanchez', '1923-05-17', 'M', 'josedavidperez', 'Rollinter2022', 'josedavidperez@rollinter.net', 2, 1),
(3368, 'Luis', 'Gyori', 'Laenos', '1965-11-13', 'F', 'luisgyori', 'Rollinter2022', 'luisgyori@rollinter.net', 2, 1),
(3369, 'Elliot', 'Rezgaoui', 'Hurtado', '1940-09-23', 'F', 'elliotrezgaoui', 'Rollinter2022', 'elliotrezgaoui@rollinter.net', 2, 1),
(3370, 'Estefania', 'Lazaro', 'Romance', '1973-01-07', 'M', 'estefanialazaro', 'Rollinter2022', 'estefanialazaro@rollinter.net', 2, 1),
(3371, 'Luis', 'Perez', 'Gyori', '1927-11-14', 'F', 'luisperez', 'Rollinter2022', 'luisperez@rollinter.net', 2, 1),
(3372, 'Lucas Ezequiel', 'Talaya', 'Luz', '1949-10-31', 'M', 'lucasezequieltalaya', 'Rollinter2022', 'lucasezequieltalaya@rollinter.net', 2, 1),
(3373, 'Luis Fernando', 'Talaya', 'Benavent', '2004-08-25', 'M', 'luisfernandotalaya', 'Rollinter2022', 'luisfernandotalaya@rollinter.net', 2, 1),
(3374, 'Kevin', 'Guerrero', 'Benavent', '1929-06-05', 'F', 'kevinguerrero', 'Rollinter2022', 'kevinguerrero@rollinter.net', 2, 1),
(3375, 'Ximo', 'Rodríguez', 'Mourad', '1980-08-07', 'M', 'ximorodríguez', 'Rollinter2022', 'ximorodríguez@rollinter.net', 2, 1),
(3376, 'Ruben', 'Perez', 'Morera', '1942-03-29', 'F', 'rubenperez', 'Rollinter2022', 'rubenperez@rollinter.net', 2, 1),
(3377, 'Alvaro', 'Tomas', 'Fernández', '1973-07-08', 'M', 'alvarotomas', 'Rollinter2022', 'alvarotomas@rollinter.net', 2, 1),
(3378, 'Raimon', 'Rosales', 'Laenos', '1993-09-14', 'F', 'raimonrosales', 'Rollinter2022', 'raimonrosales@rollinter.net', 2, 1),
(3379, 'Cristina', 'Suay', 'Benavent', '1966-09-28', 'M', 'cristinasuay', 'Rollinter2022', 'cristinasuay@rollinter.net', 2, 1),
(3380, 'Alexis', 'Soler', 'Benavent', '1943-01-16', 'M', 'alexissoler', 'Rollinter2022', 'alexissoler@rollinter.net', 2, 1),
(3381, 'Ximo', 'Boriko', 'Torres', '1952-07-11', 'M', 'ximoboriko', 'Rollinter2022', 'ximoboriko@rollinter.net', 2, 1),
(3382, 'Ximo', 'Tomas', 'Patricio', '1960-09-19', 'M', 'ximotomas', 'Rollinter2022', 'ximotomas@rollinter.net', 2, 1),
(3383, 'Iris', 'Tomas', 'Torres', '1949-01-09', 'F', 'iristomas', 'Rollinter2022', 'iristomas@rollinter.net', 2, 1),
(3384, 'Mario', 'Rodríguez', 'Ríos', '1933-03-14', 'F', 'mariorodríguez', 'Rollinter2022', 'mariorodríguez@rollinter.net', 2, 1),
(3385, 'Luis', 'Carrascosa', 'Patricio', '1969-10-05', 'M', 'luiscarrascosa', 'Rollinter2022', 'luiscarrascosa@rollinter.net', 2, 1),
(3386, 'Jose Maria', 'Guerrero', 'Hurtado', '1963-07-15', 'F', 'josemariaguerrero', 'Rollinter2022', 'josemariaguerrero@rollinter.net', 2, 1),
(3387, 'Ainhoa', 'Guerrero', 'Morera', '1990-09-14', 'F', 'ainhoaguerrero', 'Rollinter2022', 'ainhoaguerrero@rollinter.net', 2, 1),
(3388, 'Luis Fernando', 'Guerrero', 'Romance', '2005-07-20', 'F', 'luisfernandoguerrero', 'Rollinter2022', 'luisfernandoguerrero@rollinter.net', 2, 1),
(3389, 'Luis', 'Perez', 'Blayimir', '1981-12-15', 'M', 'luisperez', 'Rollinter2022', 'luisperez@rollinter.net', 2, 1),
(3390, 'Ximo', 'Boriko', 'Hurtado', '1952-03-07', 'F', 'ximoboriko', 'Rollinter2022', 'ximoboriko@rollinter.net', 2, 1),
(3391, 'Jose Maria', 'Rezgaoui', 'Ríos', '1952-12-24', 'F', 'josemariarezgaoui', 'Rollinter2022', 'josemariarezgaoui@rollinter.net', 2, 1);
INSERT INTO `user` (`id`, `name`, `surname1`, `surname2`, `datebirth`, `gender`, `username`, `password`, `email`, `id_usertype`, `id_team`) VALUES
(3392, 'Luis Fernando', 'Vilar', 'Bañuls', '1984-07-02', 'F', 'luisfernandovilar', 'Rollinter2022', 'luisfernandovilar@rollinter.net', 2, 1),
(3393, 'Luis', 'Guerrero', 'Pascual', '1944-11-30', 'F', 'luisguerrero', 'Rollinter2022', 'luisguerrero@rollinter.net', 2, 1),
(3394, 'Estefania', 'Rezgaoui', 'Ríos', '1959-02-25', 'F', 'estefaniarezgaoui', 'Rollinter2022', 'estefaniarezgaoui@rollinter.net', 2, 1),
(3395, 'Luis Fernando', 'Gyori', 'Luz', '1923-09-08', 'F', 'luisfernandogyori', 'Rollinter2022', 'luisfernandogyori@rollinter.net', 2, 119),
(3396, 'Iris', 'Suay', 'Castello', '1935-05-17', 'F', 'irissuay', 'Rollinter2022', 'irissuay@rollinter.net', 2, 1),
(3397, 'Carlos', 'Soler', 'Benavent', '1967-04-30', 'F', 'carlossoler', 'Rollinter2022', 'carlossoler@rollinter.net', 2, 135),
(3398, 'Estefania', 'Lazaro', 'Benavent', '1936-07-06', 'M', 'estefanialazaro', 'Rollinter2022', 'estefanialazaro@rollinter.net', 2, 1),
(3399, 'Ainhoa', 'Rodríguez', 'Luz', '1968-01-05', 'M', 'ainhoarodríguez', 'Rollinter2022', 'ainhoarodríguez@rollinter.net', 2, 1),
(3400, 'Ruben', 'Vilar', 'Mourad', '1983-02-19', 'F', 'rubenvilar', 'Rollinter2022', 'rubenvilar@rollinter.net', 2, 1),
(3401, 'Karim', 'Guerrero', 'Blayimir', '1943-11-10', 'M', 'karimguerrero', 'Rollinter2022', 'karimguerrero@rollinter.net', 2, 1),
(3402, 'Jose Maria', 'Rezgaoui', 'Luz', '1999-03-27', 'F', 'josemariarezgaoui', 'Rollinter2022', 'josemariarezgaoui@rollinter.net', 2, 1),
(3403, 'Iris', 'Boriko', 'Romance', '1979-05-26', 'F', 'irisboriko', 'Rollinter2022', 'irisboriko@rollinter.net', 2, 1),
(3404, 'Kevin', 'Soler', 'Sanchez', '1943-01-14', 'M', 'kevinsoler', 'Rollinter2022', 'kevinsoler@rollinter.net', 2, 209),
(3405, 'Ruben', 'Talaya', 'Torres', '1942-04-06', 'F', 'rubentalaya', 'Rollinter2022', 'rubentalaya@rollinter.net', 2, 211),
(3406, 'Carlos', 'Perez', 'Fernández', '1958-07-30', 'M', 'carlosperez', 'Rollinter2022', 'carlosperez@rollinter.net', 2, 1),
(3407, 'Raimon', 'Suay', 'Laenos', '1954-11-11', 'M', 'raimonsuay', 'Rollinter2022', 'raimonsuay@rollinter.net', 2, 1),
(3408, 'Lucas Ezequiel', 'Rezgaoui', 'Torres', '1943-01-21', 'M', 'lucasezequielrezgaoui', 'Rollinter2022', 'lucasezequielrezgaoui@rollinter.net', 2, 124),
(3409, 'Nerea', 'Perez', 'Sanchez', '2004-08-20', 'F', 'nereaperez', 'Rollinter2022', 'nereaperez@rollinter.net', 2, 1),
(3410, 'Raimon', 'Blanco', 'Patricio', '1955-08-06', 'F', 'raimonblanco', 'Rollinter2022', 'raimonblanco@rollinter.net', 2, 1),
(3411, 'Alexis', 'Vilar', 'Romance', '2003-12-11', 'M', 'alexisvilar', 'Rollinter2022', 'alexisvilar@rollinter.net', 2, 1),
(3412, 'Lucas Ezequiel', 'Talaya', 'Patricio', '1947-11-27', 'M', 'lucasezequieltalaya', 'Rollinter2022', 'lucasezequieltalaya@rollinter.net', 2, 1),
(3413, 'Luis Fernando', 'Rezgaoui', 'Ríos', '1988-12-09', 'M', 'luisfernandorezgaoui', 'Rollinter2022', 'luisfernandorezgaoui@rollinter.net', 2, 1),
(3414, 'Luis Fernando', 'Boriko', 'Sanchez', '1997-07-23', 'F', 'luisfernandoboriko', 'Rollinter2022', 'luisfernandoboriko@rollinter.net', 2, 1),
(3415, 'Ximo', 'Vilar', 'Sanchis', '1998-06-24', 'M', 'ximovilar', 'Rollinter2022', 'ximovilar@rollinter.net', 2, 1),
(3416, 'Elliot', 'Perez', 'Fernández', '1969-06-09', 'F', 'elliotperez', 'Rollinter2022', 'elliotperez@rollinter.net', 2, 1),
(3417, 'Iris', 'Tomas', 'Torres', '1984-01-29', 'F', 'iristomas', 'Rollinter2022', 'iristomas@rollinter.net', 2, 1),
(3418, 'Ruben', 'Boriko', 'Hurtado', '2004-07-26', 'M', 'rubenboriko', 'Rollinter2022', 'rubenboriko@rollinter.net', 2, 1),
(3419, 'Kevin', 'Rodríguez', 'Sanchis', '1992-09-04', 'F', 'kevinrodríguez', 'Rollinter2022', 'kevinrodríguez@rollinter.net', 2, 1),
(3420, 'Raimon', 'Perez', 'Morera', '1927-07-05', 'F', 'raimonperez', 'Rollinter2022', 'raimonperez@rollinter.net', 2, 1),
(3421, 'Lucas Ezequiel', 'Lazaro', 'Sanchez', '1964-08-16', 'M', 'lucasezequiellazaro', 'Rollinter2022', 'lucasezequiellazaro@rollinter.net', 2, 1),
(3422, 'Carlos', 'Boriko', 'Morera', '1934-10-10', 'F', 'carlosboriko', 'Rollinter2022', 'carlosboriko@rollinter.net', 2, 1),
(3423, 'Iris', 'Rosales', 'Bañuls', '2002-01-05', 'M', 'irisrosales', 'Rollinter2022', 'irisrosales@rollinter.net', 2, 1),
(3424, 'Alvaro', 'Benito', 'Romance', '1932-05-24', 'F', 'alvarobenito', 'Rollinter2022', 'alvarobenito@rollinter.net', 2, 1),
(3425, 'Iris', 'Carrascosa', 'Sanchis', '1923-08-17', 'M', 'iriscarrascosa', 'Rollinter2022', 'iriscarrascosa@rollinter.net', 2, 1),
(3426, 'Nerea', 'Gyori', 'Laenos', '1979-06-14', 'F', 'nereagyori', 'Rollinter2022', 'nereagyori@rollinter.net', 2, 1),
(3427, 'Nerea', 'Soler', 'Gyori', '1964-04-14', 'F', 'nereasoler', 'Rollinter2022', 'nereasoler@rollinter.net', 2, 180),
(3428, 'Raimon', 'Perez', 'Gyori', '1974-12-01', 'F', 'raimonperez', 'Rollinter2022', 'raimonperez@rollinter.net', 2, 1),
(3429, 'Raimon', 'Luque', 'Benavent', '1990-07-16', 'F', 'raimonluque', 'Rollinter2022', 'raimonluque@rollinter.net', 2, 1),
(3430, 'Estefania', 'Tomas', 'Mourad', '1943-07-14', 'F', 'estefaniatomas', 'Rollinter2022', 'estefaniatomas@rollinter.net', 2, 1),
(3431, 'Jose Maria', 'Perez', 'Sanchez', '1979-07-14', 'M', 'josemariaperez', 'Rollinter2022', 'josemariaperez@rollinter.net', 2, 1),
(3432, 'Alvaro', 'Boriko', 'Sanchez', '1924-05-19', 'M', 'alvaroboriko', 'Rollinter2022', 'alvaroboriko@rollinter.net', 2, 1),
(3433, 'Kevin', 'Tomas', 'Torres', '1941-02-11', 'M', 'kevintomas', 'Rollinter2022', 'kevintomas@rollinter.net', 2, 1),
(3434, 'Ainhoa', 'Boriko', 'Sanchis', '1946-01-22', 'F', 'ainhoaboriko', 'Rollinter2022', 'ainhoaboriko@rollinter.net', 2, 1),
(3435, 'Jose Maria', 'Vilar', 'Benavent', '1988-03-26', 'F', 'josemariavilar', 'Rollinter2022', 'josemariavilar@rollinter.net', 2, 1),
(3436, 'Nerea', 'Gyori', 'Pascual', '1970-04-25', 'M', 'nereagyori', 'Rollinter2022', 'nereagyori@rollinter.net', 2, 151),
(3437, 'Luis', 'Perez', 'Torres', '1991-09-26', 'F', 'luisperez', 'Rollinter2022', 'luisperez@rollinter.net', 2, 1),
(3438, 'Ainhoa', 'Boriko', 'Torres', '1943-06-06', 'F', 'ainhoaboriko', 'Rollinter2022', 'ainhoaboriko@rollinter.net', 2, 1),
(3439, 'Ainhoa', 'Gyori', 'Fernández', '1998-08-05', 'M', 'ainhoagyori', 'Rollinter2022', 'ainhoagyori@rollinter.net', 2, 1),
(3440, 'Luis', 'Rodríguez', 'Fernández', '1966-08-12', 'F', 'luisrodríguez', 'Rollinter2022', 'luisrodríguez@rollinter.net', 2, 1),
(3441, 'Raimon', 'Talaya', 'Hurtado', '1962-03-23', 'M', 'raimontalaya', 'Rollinter2022', 'raimontalaya@rollinter.net', 2, 1),
(3442, 'Jose Maria', 'Rosales', 'Benavent', '1985-10-03', 'M', 'josemariarosales', 'Rollinter2022', 'josemariarosales@rollinter.net', 2, 1),
(3443, 'Mario', 'Perez', 'Blayimir', '1988-09-09', 'M', 'marioperez', 'Rollinter2022', 'marioperez@rollinter.net', 2, 144),
(3444, 'Luis', 'Rezgaoui', 'Benavent', '1948-03-31', 'F', 'luisrezgaoui', 'Rollinter2022', 'luisrezgaoui@rollinter.net', 2, 1),
(3445, 'Lucas Ezequiel', 'Soler', 'Laenos', '1937-03-14', 'M', 'lucasezequielsoler', 'Rollinter2022', 'lucasezequielsoler@rollinter.net', 2, 1),
(3446, 'Luis', 'Vilar', 'Sanchez', '1992-03-19', 'M', 'luisvilar', 'Rollinter2022', 'luisvilar@rollinter.net', 2, 1),
(3447, 'Ainhoa', 'Benito', 'Ríos', '1960-11-18', 'M', 'ainhoabenito', 'Rollinter2022', 'ainhoabenito@rollinter.net', 2, 1),
(3448, 'Ainhoa', 'Rezgaoui', 'Bañuls', '2005-09-11', 'F', 'ainhoarezgaoui', 'Rollinter2022', 'ainhoarezgaoui@rollinter.net', 2, 196),
(3449, 'Lucas Ezequiel', 'Blanco', 'Pascual', '1971-11-28', 'M', 'lucasezequielblanco', 'Rollinter2022', 'lucasezequielblanco@rollinter.net', 2, 1),
(3450, 'Alvaro', 'Lazaro', 'Hurtado', '1957-11-20', 'F', 'alvarolazaro', 'Rollinter2022', 'alvarolazaro@rollinter.net', 2, 1),
(3451, 'Carlos', 'Vilar', 'Fernández', '1981-09-04', 'F', 'carlosvilar', 'Rollinter2022', 'carlosvilar@rollinter.net', 2, 1),
(3452, 'Estefania', 'Talaya', 'Pascual', '1955-06-08', 'M', 'estefaniatalaya', 'Rollinter2022', 'estefaniatalaya@rollinter.net', 2, 1),
(3453, 'Carlos', 'Suay', 'Fernández', '1941-12-18', 'M', 'carlossuay', 'Rollinter2022', 'carlossuay@rollinter.net', 2, 1),
(3454, 'Ainhoa', 'Vilar', 'Sanchez', '1969-05-12', 'F', 'ainhoavilar', 'Rollinter2022', 'ainhoavilar@rollinter.net', 2, 1),
(3455, 'Cristina', 'Rezgaoui', 'Sanchis', '1924-10-25', 'F', 'cristinarezgaoui', 'Rollinter2022', 'cristinarezgaoui@rollinter.net', 2, 1),
(3456, 'Ruben', 'Perez', 'Benavent', '1991-02-16', 'F', 'rubenperez', 'Rollinter2022', 'rubenperez@rollinter.net', 2, 1),
(3457, 'Cristina', 'Perez', 'Luz', '1936-12-14', 'M', 'cristinaperez', 'Rollinter2022', 'cristinaperez@rollinter.net', 2, 1),
(3458, 'Lucas Ezequiel', 'Rodríguez', 'Mourad', '1942-04-04', 'F', 'lucasezequielrodríguez', 'Rollinter2022', 'lucasezequielrodríguez@rollinter.net', 2, 1),
(3459, 'Alvaro', 'Perez', 'Benavent', '1958-01-21', 'M', 'alvaroperez', 'Rollinter2022', 'alvaroperez@rollinter.net', 2, 1),
(3460, 'Ximo', 'Blanco', 'Patricio', '1960-12-28', 'M', 'ximoblanco', 'Rollinter2022', 'ximoblanco@rollinter.net', 2, 1),
(3461, 'Mario', 'Soler', 'Sanchez', '1940-09-10', 'F', 'mariosoler', 'Rollinter2022', 'mariosoler@rollinter.net', 2, 208),
(3462, 'Kevin', 'Soler', 'Mourad', '1975-06-02', 'M', 'kevinsoler', 'Rollinter2022', 'kevinsoler@rollinter.net', 2, 1),
(3463, 'Jose Maria', 'Talaya', 'Blayimir', '1962-04-25', 'F', 'josemariatalaya', 'Rollinter2022', 'josemariatalaya@rollinter.net', 2, 1),
(3464, 'Iris', 'Rosales', 'Hurtado', '1953-03-17', 'F', 'irisrosales', 'Rollinter2022', 'irisrosales@rollinter.net', 2, 1),
(3465, 'Carlos', 'Rodríguez', 'Benavent', '1955-04-26', 'M', 'carlosrodríguez', 'Rollinter2022', 'carlosrodríguez@rollinter.net', 2, 1),
(3466, 'Raimon', 'Tomas', 'Patricio', '1978-05-09', 'F', 'raimontomas', 'Rollinter2022', 'raimontomas@rollinter.net', 2, 1),
(3467, 'Lucas Ezequiel', 'Gyori', 'Benavent', '1965-11-15', 'M', 'lucasezequielgyori', 'Rollinter2022', 'lucasezequielgyori@rollinter.net', 2, 1),
(3468, 'Jose Maria', 'Perez', 'Torres', '1965-07-10', 'F', 'josemariaperez', 'Rollinter2022', 'josemariaperez@rollinter.net', 2, 1),
(3469, 'Ruben', 'Carrascosa', 'Zanon', '1944-09-06', 'M', 'rubencarrascosa', 'Rollinter2022', 'rubencarrascosa@rollinter.net', 2, 1),
(3470, 'Ximo', 'Suay', 'Fernández', '1969-12-09', 'M', 'ximosuay', 'Rollinter2022', 'ximosuay@rollinter.net', 2, 1),
(3471, 'Kevin', 'Rodríguez', 'Morera', '1954-06-01', 'F', 'kevinrodríguez', 'Rollinter2022', 'kevinrodríguez@rollinter.net', 2, 1),
(3472, 'Raimon', 'Guerrero', 'Zanon', '1956-06-30', 'M', 'raimonguerrero', 'Rollinter2022', 'raimonguerrero@rollinter.net', 2, 1),
(3473, 'Ainhoa', 'Gyori', 'Romance', '1964-05-17', 'M', 'ainhoagyori', 'Rollinter2022', 'ainhoagyori@rollinter.net', 2, 1),
(3474, 'Jose Maria', 'Soler', 'Benavent', '1955-12-07', 'F', 'josemariasoler', 'Rollinter2022', 'josemariasoler@rollinter.net', 2, 1),
(3475, 'Karim', 'Tomas', 'Fernández', '2001-07-03', 'M', 'karimtomas', 'Rollinter2022', 'karimtomas@rollinter.net', 2, 1),
(3476, 'Raimon', 'Rosales', 'Zanon', '1945-12-08', 'M', 'raimonrosales', 'Rollinter2022', 'raimonrosales@rollinter.net', 2, 1),
(3477, 'Ximo', 'Boriko', 'Pascual', '1964-01-04', 'F', 'ximoboriko', 'Rollinter2022', 'ximoboriko@rollinter.net', 2, 1),
(3478, 'Estefania', 'Tomas', 'Morera', '2005-11-24', 'F', 'estefaniatomas', 'Rollinter2022', 'estefaniatomas@rollinter.net', 2, 1),
(3479, 'Alvaro', 'Luque', 'Sanchez', '1994-07-04', 'M', 'alvaroluque', 'Rollinter2022', 'alvaroluque@rollinter.net', 2, 1),
(3480, 'Karim', 'Perez', 'Luz', '1966-06-26', 'F', 'karimperez', 'Rollinter2022', 'karimperez@rollinter.net', 2, 1),
(3481, 'Ainhoa', 'Rezgaoui', 'Castello', '1940-01-15', 'F', 'ainhoarezgaoui', 'Rollinter2022', 'ainhoarezgaoui@rollinter.net', 2, 1),
(3482, 'Kevin', 'Carrascosa', 'Zanon', '1998-09-03', 'F', 'kevincarrascosa', 'Rollinter2022', 'kevincarrascosa@rollinter.net', 2, 1),
(3483, 'Carlos', 'Lazaro', 'Zanon', '1937-05-04', 'M', 'carloslazaro', 'Rollinter2022', 'carloslazaro@rollinter.net', 2, 1),
(3484, 'Raimon', 'Soler', 'Sanchis', '2001-08-16', 'M', 'raimonsoler', 'Rollinter2022', 'raimonsoler@rollinter.net', 2, 1),
(3485, 'Ruben', 'Gyori', 'Gyori', '1974-10-01', 'M', 'rubengyori', 'Rollinter2022', 'rubengyori@rollinter.net', 2, 1),
(3486, 'Jose David', 'Perez', 'Sanchis', '1927-09-08', 'M', 'josedavidperez', 'Rollinter2022', 'josedavidperez@rollinter.net', 2, 1),
(3487, 'Luis', 'Gyori', 'Laenos', '1970-09-12', 'M', 'luisgyori', 'Rollinter2022', 'luisgyori@rollinter.net', 2, 1),
(3488, 'Estefania', 'Rosales', 'Castello', '1954-06-20', 'F', 'estefaniarosales', 'Rollinter2022', 'estefaniarosales@rollinter.net', 2, 1),
(3489, 'Jose Maria', 'Tomas', 'Luz', '1971-04-12', 'F', 'josemariatomas', 'Rollinter2022', 'josemariatomas@rollinter.net', 2, 1),
(3490, 'Jose Maria', 'Suay', 'Castello', '1948-09-27', 'M', 'josemariasuay', 'Rollinter2022', 'josemariasuay@rollinter.net', 2, 1),
(3491, 'Estefania', 'Tomas', 'Blayimir', '2007-11-13', 'M', 'estefaniatomas', 'Rollinter2022', 'estefaniatomas@rollinter.net', 2, 1),
(3492, 'Ximo', 'Rodríguez', 'Torres', '1965-11-17', 'M', 'ximorodríguez', 'Rollinter2022', 'ximorodríguez@rollinter.net', 2, 138),
(3493, 'Elliot', 'Soler', 'Patricio', '1934-03-13', 'F', 'elliotsoler', 'Rollinter2022', 'elliotsoler@rollinter.net', 2, 1),
(3494, 'Alexis', 'Rosales', 'Patricio', '1949-03-16', 'F', 'alexisrosales', 'Rollinter2022', 'alexisrosales@rollinter.net', 2, 1),
(3495, 'Nerea', 'Gyori', 'Pascual', '1990-02-18', 'M', 'nereagyori', 'Rollinter2022', 'nereagyori@rollinter.net', 2, 197),
(3496, 'Estefania', 'Benito', 'Romance', '1967-01-11', 'M', 'estefaniabenito', 'Rollinter2022', 'estefaniabenito@rollinter.net', 2, 1),
(3497, 'Mario', 'Soler', 'Laenos', '1955-10-07', 'F', 'mariosoler', 'Rollinter2022', 'mariosoler@rollinter.net', 2, 1),
(3498, 'Mario', 'Soler', 'Benavent', '2001-09-21', 'F', 'mariosoler', 'Rollinter2022', 'mariosoler@rollinter.net', 2, 1),
(3499, 'Karim', 'Perez', 'Bañuls', '1985-03-23', 'F', 'karimperez', 'Rollinter2022', 'karimperez@rollinter.net', 2, 1),
(3500, 'Estefania', 'Gyori', 'Patricio', '1931-07-30', 'F', 'estefaniagyori', 'Rollinter2022', 'estefaniagyori@rollinter.net', 2, 1),
(3501, 'Jose David', 'Tomas', 'Sanchis', '1997-01-01', 'F', 'josedavidtomas', 'Rollinter2022', 'josedavidtomas@rollinter.net', 2, 1),
(3502, 'Jose Maria', 'Tomas', 'Zanon', '1956-02-08', 'F', 'josemariatomas', 'Rollinter2022', 'josemariatomas@rollinter.net', 2, 1),
(3503, 'Raimon', 'Suay', 'Blayimir', '1974-06-04', 'M', 'raimonsuay', 'Rollinter2022', 'raimonsuay@rollinter.net', 2, 1),
(3504, 'Nerea', 'Lazaro', 'Romance', '2005-02-14', 'M', 'nerealazaro', 'Rollinter2022', 'nerealazaro@rollinter.net', 2, 1),
(3505, 'Lucas Ezequiel', 'Perez', 'Zanon', '1990-06-15', 'F', 'lucasezequielperez', 'Rollinter2022', 'lucasezequielperez@rollinter.net', 2, 1),
(3506, 'Kevin', 'Blanco', 'Fernández', '1945-09-10', 'F', 'kevinblanco', 'Rollinter2022', 'kevinblanco@rollinter.net', 2, 1),
(3507, 'Alexis', 'Rodríguez', 'Sanchis', '1949-10-17', 'F', 'alexisrodríguez', 'Rollinter2022', 'alexisrodríguez@rollinter.net', 2, 1),
(3508, 'Mario', 'Perez', 'Ríos', '1926-02-23', 'M', 'marioperez', 'Rollinter2022', 'marioperez@rollinter.net', 2, 1),
(3509, 'Luis Fernando', 'Vilar', 'Sanchis', '1939-12-10', 'F', 'luisfernandovilar', 'Rollinter2022', 'luisfernandovilar@rollinter.net', 2, 1),
(3510, 'Carlos', 'Perez', 'Laenos', '2001-03-25', 'M', 'carlosperez', 'Rollinter2022', 'carlosperez@rollinter.net', 2, 1),
(3511, 'Raimon', 'Rodríguez', 'Benavent', '1951-06-27', 'F', 'raimonrodríguez', 'Rollinter2022', 'raimonrodríguez@rollinter.net', 2, 1),
(3512, 'Iris', 'Boriko', 'Benavent', '1991-11-12', 'M', 'irisboriko', 'Rollinter2022', 'irisboriko@rollinter.net', 2, 1),
(3513, 'Luis Fernando', 'Perez', 'Mourad', '1951-08-17', 'F', 'luisfernandoperez', 'Rollinter2022', 'luisfernandoperez@rollinter.net', 2, 1),
(3514, 'Elliot', 'Vilar', 'Pascual', '1977-03-29', 'F', 'elliotvilar', 'Rollinter2022', 'elliotvilar@rollinter.net', 2, 1),
(3515, 'Mario', 'Carrascosa', 'Zanon', '2008-04-26', 'F', 'mariocarrascosa', 'Rollinter2022', 'mariocarrascosa@rollinter.net', 2, 1),
(3516, 'Cristina', 'Rosales', 'Gyori', '1971-10-30', 'F', 'cristinarosales', 'Rollinter2022', 'cristinarosales@rollinter.net', 2, 1),
(3517, 'Iris', 'Blanco', 'Torres', '1951-02-15', 'M', 'irisblanco', 'Rollinter2022', 'irisblanco@rollinter.net', 2, 1),
(3518, 'Lucas Ezequiel', 'Rosales', 'Morera', '1948-07-24', 'M', 'lucasezequielrosales', 'Rollinter2022', 'lucasezequielrosales@rollinter.net', 2, 1),
(3519, 'Nerea', 'Suay', 'Morera', '1982-03-30', 'M', 'nereasuay', 'Rollinter2022', 'nereasuay@rollinter.net', 2, 169),
(3520, 'Estefania', 'Luque', 'Bañuls', '1941-12-19', 'F', 'estefanialuque', 'Rollinter2022', 'estefanialuque@rollinter.net', 2, 1),
(3521, 'Kevin', 'Soler', 'Luz', '1952-02-23', 'M', 'kevinsoler', 'Rollinter2022', 'kevinsoler@rollinter.net', 2, 1),
(3522, 'Nerea', 'Luque', 'Hurtado', '1981-02-14', 'M', 'nerealuque', 'Rollinter2022', 'nerealuque@rollinter.net', 2, 1),
(3523, 'Luis Fernando', 'Rezgaoui', 'Gyori', '1996-11-15', 'M', 'luisfernandorezgaoui', 'Rollinter2022', 'luisfernandorezgaoui@rollinter.net', 2, 1),
(3524, 'Alvaro', 'Rodríguez', 'Sanchez', '1929-01-11', 'M', 'alvarorodríguez', 'Rollinter2022', 'alvarorodríguez@rollinter.net', 2, 1),
(3525, 'Karim', 'Gyori', 'Fernández', '1926-07-16', 'M', 'karimgyori', 'Rollinter2022', 'karimgyori@rollinter.net', 2, 1),
(3526, 'Ainhoa', 'Tomas', 'Romance', '1984-11-12', 'M', 'ainhoatomas', 'Rollinter2022', 'ainhoatomas@rollinter.net', 2, 1),
(3527, 'Ximo', 'Rezgaoui', 'Blayimir', '1994-01-26', 'M', 'ximorezgaoui', 'Rollinter2022', 'ximorezgaoui@rollinter.net', 2, 1),
(3528, 'Kevin', 'Lazaro', 'Morera', '1987-06-14', 'M', 'kevinlazaro', 'Rollinter2022', 'kevinlazaro@rollinter.net', 2, 1),
(3529, 'Carlos', 'Gyori', 'Mourad', '2006-09-01', 'M', 'carlosgyori', 'Rollinter2022', 'carlosgyori@rollinter.net', 2, 176),
(3530, 'Nerea', 'Guerrero', 'Sanchis', '1928-07-23', 'F', 'nereaguerrero', 'Rollinter2022', 'nereaguerrero@rollinter.net', 2, 1),
(3531, 'Luis Fernando', 'Perez', 'Hurtado', '1986-05-25', 'M', 'luisfernandoperez', 'Rollinter2022', 'luisfernandoperez@rollinter.net', 2, 145),
(3532, 'Nerea', 'Perez', 'Gyori', '1975-10-27', 'M', 'nereaperez', 'Rollinter2022', 'nereaperez@rollinter.net', 2, 1),
(3533, 'Alvaro', 'Rodríguez', 'Bañuls', '1947-04-01', 'F', 'alvarorodríguez', 'Rollinter2022', 'alvarorodríguez@rollinter.net', 2, 198),
(3534, 'Lucas Ezequiel', 'Vilar', 'Bañuls', '1999-09-12', 'F', 'lucasezequielvilar', 'Rollinter2022', 'lucasezequielvilar@rollinter.net', 2, 201),
(3535, 'Lucas Ezequiel', 'Benito', 'Pascual', '2006-02-25', 'F', 'lucasezequielbenito', 'Rollinter2022', 'lucasezequielbenito@rollinter.net', 2, 1),
(3536, 'Karim', 'Boriko', 'Torres', '1981-01-30', 'M', 'karimboriko', 'Rollinter2022', 'karimboriko@rollinter.net', 2, 1),
(3537, 'Cristina', 'Vilar', 'Luz', '1963-07-13', 'F', 'cristinavilar', 'Rollinter2022', 'cristinavilar@rollinter.net', 2, 1),
(3538, 'Elliot', 'Benito', 'Hurtado', '2005-08-20', 'M', 'elliotbenito', 'Rollinter2022', 'elliotbenito@rollinter.net', 2, 1),
(3539, 'Kevin', 'Perez', 'Sanchis', '2001-04-05', 'M', 'kevinperez', 'Rollinter2022', 'kevinperez@rollinter.net', 2, 1),
(3540, 'Raimon', 'Perez', 'Romance', '1978-08-15', 'F', 'raimonperez', 'Rollinter2022', 'raimonperez@rollinter.net', 2, 1),
(3541, 'Ruben', 'Soler', 'Sanchez', '1985-07-04', 'F', 'rubensoler', 'Rollinter2022', 'rubensoler@rollinter.net', 2, 170),
(3542, 'Raimon', 'Tomas', 'Mourad', '1967-01-09', 'F', 'raimontomas', 'Rollinter2022', 'raimontomas@rollinter.net', 2, 1),
(3543, 'Elliot', 'Lazaro', 'Mourad', '2001-11-10', 'F', 'elliotlazaro', 'Rollinter2022', 'elliotlazaro@rollinter.net', 2, 1),
(3544, 'Karim', 'Guerrero', 'Patricio', '1946-11-03', 'F', 'karimguerrero', 'Rollinter2022', 'karimguerrero@rollinter.net', 2, 1),
(3545, 'Estefania', 'Rodríguez', 'Fernández', '1957-07-01', 'F', 'estefaniarodríguez', 'Rollinter2022', 'estefaniarodríguez@rollinter.net', 2, 1),
(3546, 'Estefania', 'Carrascosa', 'Romance', '1945-12-01', 'M', 'estefaniacarrascosa', 'Rollinter2022', 'estefaniacarrascosa@rollinter.net', 2, 1),
(3547, 'Ximo', 'Tomas', 'Benavent', '1952-03-02', 'M', 'ximotomas', 'Rollinter2022', 'ximotomas@rollinter.net', 2, 1),
(3548, 'Jose David', 'Perez', 'Torres', '1988-03-28', 'M', 'josedavidperez', 'Rollinter2022', 'josedavidperez@rollinter.net', 2, 1),
(3549, 'Carlos', 'Perez', 'Laenos', '1955-02-19', 'F', 'carlosperez', 'Rollinter2022', 'carlosperez@rollinter.net', 2, 1),
(3550, 'Jose David', 'Boriko', 'Pascual', '1948-09-19', 'F', 'josedavidboriko', 'Rollinter2022', 'josedavidboriko@rollinter.net', 2, 188),
(3551, 'Lucas Ezequiel', 'Lazaro', 'Zanon', '2007-08-10', 'F', 'lucasezequiellazaro', 'Rollinter2022', 'lucasezequiellazaro@rollinter.net', 2, 177),
(3552, 'Carlos', 'Gyori', 'Ríos', '1935-11-08', 'M', 'carlosgyori', 'Rollinter2022', 'carlosgyori@rollinter.net', 2, 1),
(3553, 'Alexis', 'Carrascosa', 'Sanchis', '1985-05-01', 'M', 'alexiscarrascosa', 'Rollinter2022', 'alexiscarrascosa@rollinter.net', 2, 1),
(3554, 'Mario', 'Lazaro', 'Zanon', '1967-02-25', 'F', 'mariolazaro', 'Rollinter2022', 'mariolazaro@rollinter.net', 2, 1),
(3555, 'Elliot', 'Perez', 'Bañuls', '1994-04-07', 'M', 'elliotperez', 'Rollinter2022', 'elliotperez@rollinter.net', 2, 1),
(3556, 'Nerea', 'Blanco', 'Gyori', '1924-10-03', 'M', 'nereablanco', 'Rollinter2022', 'nereablanco@rollinter.net', 2, 1),
(3557, 'Raimon', 'Gyori', 'Castello', '1949-06-22', 'M', 'raimongyori', 'Rollinter2022', 'raimongyori@rollinter.net', 2, 1),
(3558, 'Alexis', 'Perez', 'Blayimir', '1968-06-05', 'M', 'alexisperez', 'Rollinter2022', 'alexisperez@rollinter.net', 2, 1),
(3559, 'Karim', 'Soler', 'Hurtado', '1947-08-10', 'F', 'karimsoler', 'Rollinter2022', 'karimsoler@rollinter.net', 2, 160),
(3560, 'Raimon', 'Vilar', 'Fernández', '1983-04-02', 'M', 'raimonvilar', 'Rollinter2022', 'raimonvilar@rollinter.net', 2, 1),
(3561, 'Carlos', 'Luque', 'Benavent', '2002-03-19', 'F', 'carlosluque', 'Rollinter2022', 'carlosluque@rollinter.net', 2, 1),
(3562, 'Ainhoa', 'Rosales', 'Laenos', '1965-04-11', 'F', 'ainhoarosales', 'Rollinter2022', 'ainhoarosales@rollinter.net', 2, 1),
(3563, 'Ruben', 'Lazaro', 'Benavent', '2003-12-10', 'F', 'rubenlazaro', 'Rollinter2022', 'rubenlazaro@rollinter.net', 2, 1),
(3564, 'Luis Fernando', 'Rodríguez', 'Benavent', '1965-06-19', 'F', 'luisfernandorodríguez', 'Rollinter2022', 'luisfernandorodríguez@rollinter.net', 2, 1),
(3565, 'Jose Maria', 'Boriko', 'Sanchez', '1965-03-23', 'F', 'josemariaboriko', 'Rollinter2022', 'josemariaboriko@rollinter.net', 2, 204),
(3566, 'Raimon', 'Rodríguez', 'Pascual', '1932-12-26', 'M', 'raimonrodríguez', 'Rollinter2022', 'raimonrodríguez@rollinter.net', 2, 1),
(3567, 'Lucas Ezequiel', 'Perez', 'Sanchez', '1950-06-21', 'M', 'lucasezequielperez', 'Rollinter2022', 'lucasezequielperez@rollinter.net', 2, 1),
(3568, 'Cristina', 'Rodríguez', 'Patricio', '1964-07-31', 'M', 'cristinarodríguez', 'Rollinter2022', 'cristinarodríguez@rollinter.net', 2, 1),
(3569, 'Carlos', 'Perez', 'Fernández', '1935-10-22', 'F', 'carlosperez', 'Rollinter2022', 'carlosperez@rollinter.net', 2, 122),
(3570, 'Ximo', 'Tomas', 'Laenos', '1984-01-15', 'M', 'ximotomas', 'Rollinter2022', 'ximotomas@rollinter.net', 2, 1),
(3571, 'Ximo', 'Rezgaoui', 'Pascual', '1996-05-08', 'M', 'ximorezgaoui', 'Rollinter2022', 'ximorezgaoui@rollinter.net', 2, 1),
(3572, 'Iris', 'Luque', 'Laenos', '1958-05-18', 'M', 'irisluque', 'Rollinter2022', 'irisluque@rollinter.net', 2, 1),
(3573, 'Estefania', 'Talaya', 'Blayimir', '1997-09-21', 'M', 'estefaniatalaya', 'Rollinter2022', 'estefaniatalaya@rollinter.net', 2, 1),
(3574, 'Nerea', 'Lazaro', 'Mourad', '1965-01-19', 'M', 'nerealazaro', 'Rollinter2022', 'nerealazaro@rollinter.net', 2, 1),
(3575, 'Alvaro', 'Suay', 'Torres', '2005-08-19', 'F', 'alvarosuay', 'Rollinter2022', 'alvarosuay@rollinter.net', 2, 1),
(3576, 'Kevin', 'Perez', 'Mourad', '1967-03-21', 'M', 'kevinperez', 'Rollinter2022', 'kevinperez@rollinter.net', 2, 1),
(3577, 'Luis Fernando', 'Vilar', 'Luz', '1947-01-25', 'F', 'luisfernandovilar', 'Rollinter2022', 'luisfernandovilar@rollinter.net', 2, 1),
(3578, 'Carlos', 'Rosales', 'Torres', '1995-02-14', 'M', 'carlosrosales', 'Rollinter2022', 'carlosrosales@rollinter.net', 2, 1),
(3579, 'Alexis', 'Boriko', 'Mourad', '1987-04-23', 'F', 'alexisboriko', 'Rollinter2022', 'alexisboriko@rollinter.net', 2, 1),
(3580, 'Iris', 'Benito', 'Bañuls', '1927-11-29', 'F', 'irisbenito', 'Rollinter2022', 'irisbenito@rollinter.net', 2, 1),
(3581, 'Alvaro', 'Perez', 'Benavent', '1952-12-02', 'F', 'alvaroperez', 'Rollinter2022', 'alvaroperez@rollinter.net', 2, 1),
(3582, 'Kevin', 'Blanco', 'Castello', '1980-02-07', 'M', 'kevinblanco', 'Rollinter2022', 'kevinblanco@rollinter.net', 2, 1),
(3583, 'Alvaro', 'Perez', 'Pascual', '1989-09-30', 'M', 'alvaroperez', 'Rollinter2022', 'alvaroperez@rollinter.net', 2, 1),
(3584, 'Lucas Ezequiel', 'Vilar', 'Sanchis', '1943-06-27', 'F', 'lucasezequielvilar', 'Rollinter2022', 'lucasezequielvilar@rollinter.net', 2, 1),
(3585, 'Iris', 'Perez', 'Mourad', '1930-09-07', 'F', 'irisperez', 'Rollinter2022', 'irisperez@rollinter.net', 2, 1),
(3586, 'Raimon', 'Gyori', 'Patricio', '1984-07-26', 'F', 'raimongyori', 'Rollinter2022', 'raimongyori@rollinter.net', 2, 1),
(3587, 'Carlos', 'Talaya', 'Patricio', '1997-12-05', 'M', 'carlostalaya', 'Rollinter2022', 'carlostalaya@rollinter.net', 2, 1),
(3588, 'Iris', 'Carrascosa', 'Bañuls', '1964-06-26', 'M', 'iriscarrascosa', 'Rollinter2022', 'iriscarrascosa@rollinter.net', 2, 1),
(3589, 'Raimon', 'Perez', 'Blayimir', '1985-09-20', 'M', 'raimonperez', 'Rollinter2022', 'raimonperez@rollinter.net', 2, 1),
(3590, 'Alvaro', 'Luque', 'Ríos', '2007-01-21', 'M', 'alvaroluque', 'Rollinter2022', 'alvaroluque@rollinter.net', 2, 1),
(3591, 'Iris', 'Perez', 'Bañuls', '2003-06-05', 'F', 'irisperez', 'Rollinter2022', 'irisperez@rollinter.net', 2, 1),
(3592, 'Raimon', 'Benito', 'Patricio', '1936-08-27', 'F', 'raimonbenito', 'Rollinter2022', 'raimonbenito@rollinter.net', 2, 1),
(3593, 'Jose David', 'Carrascosa', 'Romance', '1994-11-17', 'F', 'josedavidcarrascosa', 'Rollinter2022', 'josedavidcarrascosa@rollinter.net', 2, 1),
(3594, 'Luis', 'Guerrero', 'Bañuls', '1968-04-22', 'F', 'luisguerrero', 'Rollinter2022', 'luisguerrero@rollinter.net', 2, 1),
(3595, 'Estefania', 'Rosales', 'Benavent', '1993-06-18', 'F', 'estefaniarosales', 'Rollinter2022', 'estefaniarosales@rollinter.net', 2, 1),
(3596, 'Luis Fernando', 'Perez', 'Patricio', '1990-05-23', 'F', 'luisfernandoperez', 'Rollinter2022', 'luisfernandoperez@rollinter.net', 2, 1),
(3597, 'Jose Maria', 'Blanco', 'Blayimir', '2008-04-10', 'F', 'josemariablanco', 'Rollinter2022', 'josemariablanco@rollinter.net', 2, 1),
(3598, 'Elliot', 'Soler', 'Pascual', '1976-08-03', 'F', 'elliotsoler', 'Rollinter2022', 'elliotsoler@rollinter.net', 2, 1),
(3599, 'Ainhoa', 'Vilar', 'Mourad', '1970-10-29', 'M', 'ainhoavilar', 'Rollinter2022', 'ainhoavilar@rollinter.net', 2, 1),
(3600, 'Ainhoa', 'Talaya', 'Pascual', '1925-09-28', 'M', 'ainhoatalaya', 'Rollinter2022', 'ainhoatalaya@rollinter.net', 2, 1),
(3601, 'Karim', 'Rezgaoui', 'Sanchez', '1937-02-05', 'M', 'karimrezgaoui', 'Rollinter2022', 'karimrezgaoui@rollinter.net', 2, 161),
(3602, 'Carlos', 'Soler', 'Luz', '1945-02-14', 'M', 'carlossoler', 'Rollinter2022', 'carlossoler@rollinter.net', 2, 1),
(3603, 'Raimon', 'Luque', 'Blayimir', '1954-10-06', 'F', 'raimonluque', 'Rollinter2022', 'raimonluque@rollinter.net', 2, 1),
(3604, 'Raimon', 'Perez', 'Zanon', '2005-08-29', 'M', 'raimonperez', 'Rollinter2022', 'raimonperez@rollinter.net', 2, 1),
(3605, 'Nerea', 'Carrascosa', 'Laenos', '1977-01-27', 'M', 'nereacarrascosa', 'Rollinter2022', 'nereacarrascosa@rollinter.net', 2, 132),
(3606, 'Luis', 'Carrascosa', 'Castello', '1972-02-08', 'M', 'luiscarrascosa', 'Rollinter2022', 'luiscarrascosa@rollinter.net', 2, 1),
(3607, 'Ainhoa', 'Rosales', 'Hurtado', '1951-11-24', 'F', 'ainhoarosales', 'Rollinter2022', 'ainhoarosales@rollinter.net', 2, 1),
(3608, 'Ainhoa', 'Gyori', 'Fernández', '1950-03-27', 'F', 'ainhoagyori', 'Rollinter2022', 'ainhoagyori@rollinter.net', 2, 1),
(3609, 'Luis Fernando', 'Benito', 'Benavent', '1994-07-15', 'F', 'luisfernandobenito', 'Rollinter2022', 'luisfernandobenito@rollinter.net', 2, 1);

-- --------------------------------------------------------

--
-- Estructura de tabla para la tabla `usertype`
--

CREATE TABLE `usertype` (
  `id` bigint NOT NULL,
  `name` varchar(255) CHARACTER SET utf8 COLLATE utf8_unicode_ci NOT NULL
) ENGINE=InnoDB DEFAULT CHARSET=utf8 COLLATE=utf8_unicode_ci;

--
-- Volcado de datos para la tabla `usertype`
--

INSERT INTO `usertype` (`id`, `name`) VALUES
(1, 'Admin'),
(2, 'Rolluser');

--
-- Índices para tablas volcadas
--

--
-- Indices de la tabla `coordinates`
--
ALTER TABLE `coordinates`
  ADD PRIMARY KEY (`id`);

--
-- Indices de la tabla `route`
--
ALTER TABLE `route`
  ADD PRIMARY KEY (`id`);

--
-- Indices de la tabla `team`
--
ALTER TABLE `team`
  ADD PRIMARY KEY (`id`);

--
-- Indices de la tabla `user`
--
ALTER TABLE `user`
  ADD PRIMARY KEY (`id`);

--
-- Indices de la tabla `usertype`
--
ALTER TABLE `usertype`
  ADD PRIMARY KEY (`id`);

--
-- AUTO_INCREMENT de las tablas volcadas
--

--
-- AUTO_INCREMENT de la tabla `coordinates`
--
ALTER TABLE `coordinates`
  MODIFY `id` bigint NOT NULL AUTO_INCREMENT, AUTO_INCREMENT=7;

--
-- AUTO_INCREMENT de la tabla `route`
--
ALTER TABLE `route`
  MODIFY `id` bigint NOT NULL AUTO_INCREMENT, AUTO_INCREMENT=4;

--
-- AUTO_INCREMENT de la tabla `team`
--
ALTER TABLE `team`
  MODIFY `id` bigint NOT NULL AUTO_INCREMENT, AUTO_INCREMENT=215;

--
-- AUTO_INCREMENT de la tabla `user`
--
ALTER TABLE `user`
  MODIFY `id` bigint NOT NULL AUTO_INCREMENT, AUTO_INCREMENT=3610;
COMMIT;

/*!40101 SET CHARACTER_SET_CLIENT=@OLD_CHARACTER_SET_CLIENT */;
/*!40101 SET CHARACTER_SET_RESULTS=@OLD_CHARACTER_SET_RESULTS */;
/*!40101 SET COLLATION_CONNECTION=@OLD_COLLATION_CONNECTION */;
